Vcell	Icell	measured	regon	time
3.82	1890	1869	0	 0.63
3.83	1890	1870	0	 1.56
3.83	1890	1870	0	 2.00
3.83	1890	1871	0	 2.43
3.84	1890	1864	0	 2.86
3.84	1890	1869	0	 3.29
3.84	1890	1867	0	 3.74
3.84	1890	1874	0	 4.36
3.84	1890	1870	0	 4.81
3.84	1890	1874	0	 5.25
3.85	1890	1872	0	 5.70
3.85	1890	1868	0	 6.14
3.85	1890	1874	0	 6.59
3.85	1890	1872	0	 7.04
3.85	1890	1868	0	 7.48
3.85	1890	1873	0	 7.93
3.85	1890	1868	0	 8.38
3.85	1890	1869	0	 8.82
3.85	1890	1874	0	 9.27
3.85	1890	1868	0	 9.71
3.85	1890	1870	0	10.26
3.86	1890	1872	0	10.70
3.86	1890	1872	0	11.15
3.86	1890	1872	0	11.60
3.86	1890	1866	0	12.04
3.86	1890	1871	0	12.49
3.86	1890	1873	0	12.93
3.86	1890	1868	0	13.38
3.86	1890	1869	0	13.84
3.86	1890	1869	0	14.29
3.86	1890	1872	0	14.75
3.86	1890	1868	0	15.20
3.86	1890	1874	0	15.65
3.86	1890	1873	0	16.17
3.86	1890	1869	0	16.60
3.87	1890	1869	0	17.03
3.87	1890	1870	0	17.48
3.87	1890	1871	0	17.91
3.87	1890	1868	0	18.34
3.87	1890	1868	0	18.78
3.87	1890	1869	0	19.27
3.87	1890	1866	0	19.74
3.87	1890	1867	0	20.18
3.87	1890	1870	0	20.63
3.87	1890	1870	0	21.07
3.87	1890	1869	0	21.53
3.87	1890	1873	0	21.98
3.87	1890	1870	0	22.43
3.87	1890	1870	0	22.87
3.87	1890	1871	0	23.32
3.87	1890	1870	0	23.76
3.87	1890	1870	0	24.21
3.87	1890	1868	0	24.66
3.87	1890	1871	0	25.28
3.88	1890	1872	0	25.75
3.88	1890	1870	0	26.20
3.88	1890	1862	0	26.64
3.88	1890	1868	0	27.08
3.88	1890	1869	0	27.52
3.88	1890	1872	0	27.96
3.88	1890	1868	0	28.40
3.88	1890	1866	0	28.85
3.88	1890	1871	0	29.29
3.88	1890	1868	0	29.74
3.88	1890	1870	0	30.19
3.88	1890	1870	0	30.63
3.88	1890	1869	0	31.08
3.88	1890	1871	0	31.53
3.88	1890	1870	0	32.00
3.88	1890	1871	0	32.45
3.88	1890	1870	0	32.89
3.88	1890	1874	0	33.34
3.88	1890	1870	0	33.80
3.88	1890	1874	0	34.32
3.88	1890	1870	0	34.76
3.88	1890	1871	0	35.21
3.88	1890	1872	0	35.65
3.88	1890	1874	0	36.10
3.88	1890	1867	0	36.54
3.88	1890	1873	0	36.99
3.89	1890	1873	0	37.43
3.89	1890	1870	0	37.88
3.89	1890	1868	0	38.30
3.89	1890	1873	0	38.75
3.89	1890	1869	0	39.18
3.89	1890	1868	0	39.65
3.89	1890	1868	0	40.25
3.89	1890	1870	0	40.70
3.89	1890	1870	0	41.14
3.89	1890	1869	0	41.59
3.89	1890	1872	0	42.03
3.89	1890	1871	0	42.50
3.89	1890	1867	0	42.96
3.89	1890	1869	0	43.42
3.89	1890	1867	0	43.88
3.89	1890	1869	0	44.33
3.89	1890	1873	0	44.78
3.89	1890	1870	0	45.24
3.89	1890	1871	0	45.69
3.89	1890	1871	0	46.27
3.89	1890	1870	0	46.71
3.89	1890	1871	0	47.16
3.89	1890	1867	0	47.61
3.89	1890	1869	0	48.05
3.89	1890	1871	0	48.50
3.89	1890	1872	0	48.94
3.89	1890	1867	0	49.45
3.89	1890	1867	0	49.89
3.89	1890	1868	0	50.34
3.89	1890	1866	0	50.78
3.89	1890	1872	0	51.24
3.89	1890	1871	0	51.71
3.90	1890	1869	0	52.17
3.90	1890	1871	0	52.63
3.90	1890	1872	0	53.08
3.90	1890	1866	0	53.52
3.90	1890	1868	0	53.97
3.90	1890	1872	0	54.42
3.90	1890	1872	0	54.86
3.90	1890	1870	0	55.33
3.90	1890	1872	0	55.77
3.90	1890	1869	0	56.21
3.90	1890	1872	0	56.64
3.90	1890	1870	0	57.09
3.90	1890	1867	0	57.54
3.90	1890	1874	0	58.01
3.90	1890	1874	0	58.45
3.90	1890	1865	0	58.90
3.90	1890	1870	0	59.34
3.90	1890	1871	0	59.79
3.90	1890	1867	0	60.23
3.90	1890	1867	0	60.68
3.90	1890	1871	0	61.28
3.90	1890	1871	0	61.73
3.90	1890	1874	0	62.17
3.90	1890	1872	0	62.62
3.90	1890	1873	0	63.06
3.90	1890	1871	0	63.53
3.90	1890	1870	0	63.97
3.90	1890	1871	0	64.42
3.90	1890	1868	0	64.86
3.90	1890	1871	0	65.32
3.90	1890	1870	0	65.76
3.90	1890	1872	0	66.20
3.90	1890	1872	0	66.67
3.90	1890	1871	0	67.24
3.90	1890	1871	0	67.71
3.90	1890	1871	0	68.15
3.90	1890	1870	0	68.59
3.90	1890	1875	0	69.04
3.90	1890	1874	0	69.48
3.90	1890	1870	0	69.93
3.91	1890	1872	0	70.48
3.91	1890	1874	0	70.93
3.91	1890	1873	0	71.36
3.91	1890	1871	0	71.79
3.91	1890	1870	0	72.23
3.91	1890	1871	0	72.68
3.91	1890	1867	0	73.29
3.91	1890	1868	0	73.73
3.91	1890	1872	0	74.17
3.91	1890	1868	0	74.64
3.91	1890	1871	0	75.08
3.91	1890	1874	0	75.53
3.91	1890	1873	0	75.97
3.91	1890	1871	0	76.41
3.91	1890	1873	0	76.87
3.91	1890	1871	0	77.31
3.91	1890	1870	0	77.76
3.91	1890	1870	0	78.20
3.91	1890	1867	0	78.65
3.91	1890	1869	0	79.29
3.91	1890	1867	0	79.75
3.91	1890	1870	0	80.19
3.91	1890	1870	0	80.62
3.91	1890	1872	0	81.07
3.91	1890	1873	0	81.52
3.91	1890	1871	0	81.96
3.91	1890	1872	0	82.43
3.91	1890	1872	0	82.87
3.91	1890	1871	0	83.32
3.91	1890	1874	0	83.76
3.91	1890	1870	0	84.21
3.91	1890	1872	0	84.65
3.91	1890	1872	0	85.27
3.91	1890	1868	0	85.71
3.91	1890	1871	0	86.15
3.91	1890	1874	0	86.58
3.91	1890	1870	0	87.03
3.91	1890	1874	0	87.47
3.91	1890	1866	0	87.92
3.91	1890	1871	0	88.40
3.91	1890	1870	0	88.84
3.91	1890	1873	0	89.29
3.91	1890	1872	0	89.73
3.91	1890	1867	0	90.18
3.91	1890	1867	0	90.63
3.91	1890	1873	0	91.08
3.91	1890	1871	0	91.54
3.91	1890	1873	0	91.99
3.91	1890	1868	0	92.43
3.91	1890	1871	0	92.86
3.92	1890	1874	0	93.31
3.92	1890	1872	0	93.74
3.92	1890	1873	0	94.29
3.92	1890	1871	0	94.72
3.92	1890	1869	0	95.32
3.92	1890	1875	0	95.76
3.92	1890	1872	0	96.21
3.92	1890	1867	0	96.65
3.92	1890	1870	0	97.14
3.92	1890	1871	0	97.61
3.92	1890	1874	0	98.06
3.92	1890	1869	0	98.49
3.92	1890	1873	0	98.96
3.92	1890	1874	0	99.83
3.92	1890	1873	0	100.39
3.92	1890	1871	0	100.88
3.92	1890	1868	0	101.36
3.92	1890	1870	0	101.83
3.92	1890	1873	0	102.27
3.92	1890	1873	0	102.72
3.92	1890	1869	0	103.20
3.92	1890	1871	0	103.64
3.92	1890	1869	0	104.09
3.92	1890	1871	0	104.53
3.92	1890	1871	0	104.99
3.92	1890	1870	0	105.44
3.92	1890	1870	0	105.89
3.92	1890	1874	0	106.41
3.92	1890	1870	0	106.86
3.92	1890	1871	0	107.30
3.92	1890	1869	0	107.74
3.92	1890	1874	0	108.19
3.92	1890	1871	0	108.67
3.92	1890	1865	0	109.34
3.92	1890	1867	0	109.76
3.92	1890	1869	0	110.21
3.92	1890	1875	0	110.65
3.92	1890	1873	0	111.10
3.92	1890	1872	0	111.54
3.92	1890	1871	0	111.97
3.92	1890	1871	0	112.46
3.92	1890	1868	0	112.92
3.92	1890	1870	0	113.37
3.92	1890	1874	0	113.80
3.92	1890	1872	0	114.23
3.92	1890	1868	0	114.66
3.92	1890	1870	0	115.15
3.92	1890	1871	0	115.59
3.92	1890	1872	0	116.04
3.92	1890	1870	0	116.48
3.93	1890	1871	0	116.95
3.92	1890	1869	0	117.40
3.93	1890	1869	0	117.86
3.93	1890	1871	0	118.42
3.93	1890	1871	0	118.87
3.93	1890	1867	0	119.31
3.93	1890	1877	0	119.76
3.93	1890	1868	0	120.18
3.93	1890	1871	0	120.63
3.93	1890	1867	0	121.08
3.93	1890	1868	0	121.52
3.93	1890	1870	0	121.97
3.93	1890	1873	0	122.41
3.93	1890	1869	0	122.86
3.93	1890	1871	0	123.29
3.93	1890	1874	0	123.76
3.93	1890	1869	0	124.36
3.93	1890	1870	0	124.88
3.93	1890	1868	0	125.34
3.93	1890	1872	0	125.81
3.93	1890	1869	0	126.26
3.93	1890	1868	0	126.70
3.93	1890	1869	0	127.16
3.93	1890	1871	0	127.60
3.93	1890	1871	0	128.04
3.93	1890	1868	0	128.49
3.93	1890	1873	0	128.94
3.93	1890	1872	0	129.39
3.93	1890	1870	0	129.83
3.93	1890	1869	0	130.49
3.93	1890	1871	0	130.93
3.93	1890	1870	0	131.40
3.93	1890	1874	0	131.84
3.93	1890	1870	0	132.28
3.93	1890	1874	0	132.73
3.93	1890	1871	0	133.44
3.93	1890	1870	0	133.91
3.93	1890	1867	0	134.35
3.93	1890	1869	0	134.80
3.93	1890	1867	0	135.25
3.93	1890	1871	0	135.71
3.93	1890	1872	0	136.33
3.93	1890	1869	0	136.76
3.93	1890	1870	0	137.21
3.93	1890	1871	0	137.65
3.93	1890	1868	0	138.07
3.93	1890	1871	0	138.52
3.93	1890	1873	0	138.97
3.93	1890	1872	0	139.44
3.93	1890	1872	0	139.89
3.93	1890	1871	0	140.32
3.93	1890	1873	0	140.75
3.93	1890	1872	0	141.21
3.93	1890	1873	0	141.64
3.93	1890	1871	0	142.08
3.93	1890	1874	0	142.53
3.93	1890	1873	0	142.97
3.93	1890	1871	0	143.41
3.93	1890	1873	0	143.84
3.93	1890	1868	0	144.29
3.93	1890	1874	0	144.74
3.93	1890	1874	0	145.39
3.94	1890	1874	0	145.82
3.94	1890	1871	0	146.27
3.94	1890	1870	0	146.71
3.94	1890	1872	0	147.16
3.94	1890	1867	0	147.61
3.94	1890	1869	0	148.05
3.94	1890	1872	0	148.50
3.94	1890	1873	0	148.94
3.94	1890	1867	0	149.39
3.94	1890	1874	0	149.84
3.94	1890	1872	0	150.29
3.94	1890	1871	0	150.72
3.94	1890	1871	0	151.25
3.94	1890	1871	0	151.70
3.94	1890	1867	0	152.15
3.94	1890	1875	0	152.57
3.94	1890	1873	0	152.99
3.94	1890	1870	0	153.44
3.94	1890	1871	0	153.91
3.94	1890	1869	0	154.44
3.94	1890	1870	0	154.91
3.94	1890	1869	0	155.37
3.94	1890	1870	0	155.81
3.94	1890	1872	0	156.26
3.94	1890	1873	0	156.70
3.94	1890	1874	0	157.22
3.94	1890	1870	0	157.66
3.94	1890	1870	0	158.09
3.94	1890	1866	0	158.54
3.94	1890	1872	0	158.98
3.94	1890	1869	0	159.45
3.94	1890	1871	0	159.89
3.94	1890	1874	0	160.34
3.94	1890	1871	0	160.78
3.94	1890	1874	0	161.23
3.94	1890	1872	0	161.67
3.94	1890	1874	0	162.12
3.94	1890	1872	0	162.58
3.94	1890	1874	0	163.03
3.94	1890	1870	0	163.61
3.94	1890	1874	0	164.04
3.94	1890	1871	0	164.48
3.94	1890	1871	0	164.93
3.94	1890	1873	0	165.37
3.94	1890	1873	0	165.82
3.94	1890	1874	0	166.24
3.94	1890	1874	0	166.68
3.94	1890	1871	0	167.12
3.94	1890	1873	0	167.57
3.94	1890	1871	0	168.01
3.94	1890	1873	0	168.46
3.94	1890	1869	0	168.90
3.94	1890	1874	0	169.55
3.94	1890	1868	0	169.99
3.94	1890	1869	0	170.44
3.94	1890	1869	0	170.88
3.94	1890	1864	0	171.33
3.94	1890	1875	0	171.77
3.94	1890	1874	0	172.50
3.95	1890	1868	0	172.96
3.95	1890	1870	0	173.40
3.95	1890	1874	0	173.85
3.95	1890	1869	0	174.29
3.95	1890	1868	0	174.74
3.95	1890	1872	0	175.38
3.95	1890	1874	0	175.82
3.95	1890	1868	0	176.27
3.95	1890	1870	0	176.69
3.95	1890	1874	0	177.16
3.95	1890	1873	0	177.60
3.95	1890	1866	0	178.05
3.95	1890	1873	0	178.50
3.95	1890	1870	0	178.96
3.95	1890	1870	0	179.40
3.95	1890	1874	0	179.85
3.95	1890	1873	0	180.30
3.95	1890	1869	0	180.74
3.95	1890	1874	0	181.29
3.95	1890	1868	0	181.71
3.95	1890	1870	0	182.16
3.95	1890	1870	0	182.61
3.95	1890	1871	0	183.06
3.95	1890	1871	0	183.50
3.95	1890	1872	0	183.94
3.95	1890	1870	0	184.42
3.95	1890	1869	0	184.87
3.95	1890	1874	0	185.31
3.95	1890	1872	0	185.75
3.95	1890	1872	0	186.20
3.95	1890	1871	0	186.63
3.95	1890	1868	0	187.05
3.95	1890	1869	0	187.50
3.95	1890	1871	0	187.95
3.95	1890	1869	0	188.40
3.95	1890	1872	0	188.85
3.95	1890	1874	0	189.30
3.95	1890	1872	0	189.74
3.95	1890	1868	0	190.29
3.95	1890	1873	0	190.73
3.95	1890	1872	0	191.18
3.95	1890	1876	0	191.61
3.95	1890	1867	0	192.05
3.95	1890	1876	0	192.50
3.95	1890	1870	0	192.94
3.95	1890	1874	0	193.49
3.95	1890	1870	0	193.93
3.95	1890	1874	0	194.38
3.95	1890	1873	0	194.82
3.95	1890	1870	0	195.25
3.95	1890	1869	0	195.70
3.95	1890	1874	0	196.30
3.95	1890	1872	0	196.74
3.95	1890	1873	0	197.20
3.95	1890	1871	0	197.63
3.95	1890	1870	0	198.08
3.95	1890	1871	0	198.54
3.95	1890	1871	0	198.98
3.95	1890	1873	0	199.57
3.95	1890	1870	0	200.01
3.95	1890	1870	0	200.44
3.95	1890	1873	0	200.89
3.95	1890	1873	0	201.34
3.95	1890	1873	0	201.78
3.96	1890	1873	0	202.27
3.96	1890	1869	0	202.74
3.96	1890	1873	0	203.19
3.96	1890	1871	0	203.64
3.96	1890	1874	0	204.08
3.96	1890	1873	0	204.53
3.96	1890	1874	0	204.97
3.96	1890	1870	0	205.43
3.96	1890	1871	0	205.88
3.96	1890	1873	0	206.35
3.96	1890	1869	0	206.79
3.96	1890	1873	0	207.23
3.96	1890	1871	0	207.68
3.96	1890	1871	0	208.49
3.96	1890	1871	0	208.94
3.96	1890	1873	0	209.38
3.96	1890	1872	0	209.83
3.96	1890	1875	0	210.28
3.96	1890	1869	0	210.73
3.96	1890	1872	0	211.22
3.96	1890	1874	0	211.65
3.96	1890	1865	0	212.09
3.96	1890	1872	0	212.54
3.96	1890	1874	0	213.00
3.96	1890	1873	0	213.45
3.96	1890	1872	0	213.90
3.96	1890	1872	0	214.40
3.96	1890	1869	0	214.85
3.96	1890	1868	0	215.31
3.96	1890	1871	0	215.73
3.96	1890	1873	0	216.16
3.96	1890	1871	0	216.62
3.96	1890	1870	0	217.07
3.96	1890	1874	0	217.51
3.96	1890	1874	0	217.96
3.96	1890	1871	0	218.40
3.96	1890	1874	0	218.85
3.96	1890	1870	0	219.30
3.96	1890	1873	0	219.73
3.96	1890	1871	0	220.25
3.96	1890	1870	0	220.69
3.96	1890	1875	0	221.13
3.96	1890	1871	0	221.58
3.96	1890	1874	0	222.03
3.96	1890	1874	0	222.48
3.96	1890	1873	0	222.93
3.96	1890	1871	0	223.36
3.96	1890	1868	0	223.80
3.96	1890	1872	0	224.25
3.96	1890	1872	0	224.70
3.96	1890	1873	0	225.15
3.96	1890	1872	0	225.62
3.96	1890	1874	0	226.07
3.96	1890	1871	0	226.51
3.96	1890	1874	0	226.96
3.96	1890	1869	0	227.41
3.96	1890	1872	0	227.85
3.96	1890	1872	0	228.30
3.96	1890	1869	0	228.74
3.96	1890	1870	0	229.19
3.96	1890	1872	0	229.64
3.96	1890	1873	0	230.08
3.96	1890	1871	0	230.51
3.96	1890	1874	0	230.99
3.96	1890	1870	0	231.47
3.96	1890	1869	0	231.91
3.96	1890	1874	0	232.37
3.96	1890	1873	0	232.82
3.96	1890	1871	0	233.26
3.97	1890	1874	0	233.71
3.97	1890	1873	0	234.13
3.97	1890	1874	0	234.58
3.97	1890	1871	0	235.05
3.97	1890	1872	0	235.51
3.97	1890	1872	0	235.96
3.97	1890	1870	0	236.41
3.97	1890	1873	0	236.84
3.97	1890	1868	0	237.29
3.97	1890	1871	0	237.72
3.97	1890	1873	0	238.15
3.97	1890	1866	0	238.58
3.97	1890	1871	0	239.01
3.97	1890	1869	0	239.44
3.97	1890	1873	0	239.89
3.97	1890	1873	0	240.34
3.97	1890	1872	0	240.80
3.97	1890	1871	0	241.31
3.97	1890	1871	0	241.75
3.97	1890	1875	0	242.18
3.97	1890	1873	0	242.61
3.97	1890	1870	0	243.06
3.97	1890	1870	0	243.50
3.97	1890	1874	0	243.95
3.97	1890	1873	0	244.43
3.97	1890	1873	0	244.87
3.97	1890	1874	0	245.31
3.97	1890	1870	0	245.74
3.97	1890	1868	0	246.19
3.97	1890	1873	0	246.63
3.97	1890	1875	0	247.08
3.97	1890	1874	3	247.54
3.97	1890	1870	0	247.99
3.97	1890	1873	0	248.43
3.97	1890	1872	3	248.88
3.97	1890	1873	0	249.32
3.97	1890	1868	0	249.77
3.97	1890	1867	3	250.34
3.97	1890	1871	3	250.81
3.97	1890	1872	3	251.27
3.97	1890	1869	3	251.70
3.97	1890	1870	3	252.14
3.97	1890	1872	3	252.59
3.97	1890	1871	3	253.04
3.97	1890	1877	3	253.50
3.97	1890	1871	3	253.94
3.97	1890	1870	3	254.39
3.97	1890	1872	3	254.81
3.97	1890	1876	3	255.26
3.97	1890	1876	3	255.70
3.97	1890	1871	3	256.26
3.97	1890	1871	3	256.72
3.97	1890	1874	3	257.16
3.97	1890	1872	3	257.61
3.97	1890	1873	3	258.05
3.97	1890	1871	3	258.50
3.97	1890	1871	3	259.29
3.97	1890	1872	3	259.73
3.97	1890	1876	3	260.18
3.97	1890	1873	3	260.62
3.97	1890	1870	3	261.06
3.97	1890	1871	3	261.51
3.97	1890	1872	3	261.95
3.97	1890	1875	3	262.42
3.97	1890	1875	3	262.86
3.97	1890	1870	3	263.30
3.97	1890	1871	3	263.75
3.98	1890	1870	3	264.20
3.97	1890	1873	3	264.62
3.98	1890	1873	3	265.07
3.98	1890	1871	3	265.50
3.98	1890	1870	3	265.93
3.98	1890	1874	3	266.38
3.98	1890	1873	3	266.82
3.98	1890	1870	3	267.27
3.98	1890	1874	3	267.71
3.98	1890	1870	3	268.19
3.98	1890	1869	3	268.64
3.98	1890	1874	3	269.09
3.98	1890	1874	3	269.52
3.98	1890	1873	3	269.94
3.98	1890	1874	3	270.39
3.98	1890	1869	3	270.83
3.98	1890	1872	3	271.27
3.98	1890	1870	3	271.70
3.98	1890	1874	3	272.15
3.98	1890	1871	3	272.62
3.98	1890	1872	3	273.06
3.98	1890	1870	3	273.51
3.98	1890	1869	3	273.96
3.98	1890	1873	3	274.42
3.98	1890	1874	3	274.86
3.98	1890	1874	3	275.33
3.98	1890	1872	3	275.77
3.98	1890	1872	3	276.21
3.98	1890	1871	3	276.66
3.98	1890	1872	3	277.10
3.98	1890	1874	3	277.54
3.98	1890	1876	3	277.98
3.98	1890	1873	3	278.43
3.98	1890	1873	3	278.89
3.98	1890	1871	3	279.34
3.98	1890	1873	3	279.78
3.98	1890	1869	3	280.27
3.98	1890	1870	3	280.71
3.98	1890	1874	3	281.16
3.98	1890	1876	3	281.60
3.98	1890	1871	3	282.05
3.98	1890	1871	3	282.49
3.98	1890	1869	3	282.94
3.98	1890	1869	3	283.44
3.98	1890	1869	3	283.88
3.98	1890	1872	3	284.33
3.98	1890	1875	3	284.77
3.98	1890	1872	3	285.21
3.98	1890	1873	3	285.66
3.98	1890	1873	3	286.10
3.98	1890	1869	3	286.54
3.98	1890	1873	3	286.99
3.98	1890	1874	3	287.42
3.98	1890	1874	3	287.86
3.98	1890	1872	3	288.31
3.98	1890	1869	3	288.75
3.98	1890	1872	3	289.28
3.98	1890	1874	3	289.72
3.98	1890	1870	3	290.16
3.98	1890	1873	3	290.61
3.98	1890	1868	3	291.06
3.98	1890	1873	3	291.51
3.98	1890	1871	3	291.95
3.98	1890	1872	3	292.47
3.98	1890	1867	3	292.91
3.98	1890	1867	3	293.36
3.98	1890	1868	3	293.80
3.98	1890	1874	3	294.25
3.98	1890	1872	3	294.71
3.98	1890	1874	3	295.25
3.98	1890	1869	3	295.68
3.98	1890	1872	3	296.13
3.98	1890	1873	3	296.57
3.98	1890	1873	3	297.05
3.98	1890	1873	3	297.50
3.99	1890	1874	3	297.95
3.99	1890	1873	3	298.43
3.99	1890	1871	3	298.86
3.99	1890	1869	3	299.31
3.99	1890	1875	3	299.76
3.99	1890	1875	3	300.21
3.99	1890	1874	3	300.65
3.99	1890	1874	3	301.09
3.99	1890	1875	3	301.53
3.99	1890	1874	3	301.97
3.99	1890	1874	3	302.42
3.99	1890	1874	3	302.86
3.99	1890	1874	3	303.31
3.99	1890	1874	3	303.75
3.99	1890	1872	3	304.41
3.99	1890	1873	3	304.85
3.99	1890	1873	3	305.30
3.99	1890	1873	3	305.75
3.99	1890	1871	3	306.19
3.99	1890	1872	3	306.64
3.99	1890	1871	3	307.09
3.99	1890	1871	3	307.55
3.99	1890	1876	3	307.99
3.99	1890	1875	3	308.44
3.99	1890	1869	3	308.91
3.99	1890	1874	3	309.36
3.99	1890	1873	3	309.81
3.99	1890	1872	3	310.40
3.99	1890	1874	3	310.84
3.99	1890	1869	3	311.29
3.99	1890	1875	3	311.72
3.99	1890	1874	3	312.17
3.99	1890	1872	3	312.62
3.99	1890	1871	3	313.06
3.99	1890	1872	3	313.53
3.99	1890	1873	3	313.98
3.99	1890	1870	3	314.43
3.99	1890	1877	3	314.86
3.99	1890	1867	3	315.32
3.99	1890	1874	3	315.77
3.99	1890	1874	3	316.31
3.99	1890	1871	3	316.76
3.99	1890	1873	3	317.20
3.99	1890	1871	3	317.65
3.99	1890	1875	3	318.09
3.99	1890	1874	3	318.54
3.99	1890	1872	3	318.99
3.99	1890	1869	3	319.44
3.99	1890	1873	3	319.89
3.99	1890	1874	3	320.32
3.99	1890	1869	3	320.75
3.99	1890	1870	3	321.18
3.99	1890	1875	3	321.61
3.99	1890	1873	3	322.06
3.99	1890	1871	3	322.59
3.99	1890	1874	3	323.04
3.99	1890	1873	3	323.48
3.99	1890	1875	3	323.92
3.99	1890	1870	3	324.37
3.99	1890	1873	3	324.81
3.99	1890	1876	3	325.32
3.99	1890	1870	3	325.76
3.99	1890	1870	3	326.21
3.99	1890	1873	3	326.65
3.99	1890	1872	3	327.10
3.99	1890	1873	3	327.54
3.99	1890	1870	3	327.99
3.99	1890	1874	3	328.46
3.99	1890	1873	3	328.91
4.00	1890	1870	3	329.36
4.00	1890	1872	3	329.81
4.00	1890	1874	3	330.25
4.00	1890	1870	3	330.70
4.00	1890	1872	3	331.31
4.00	1890	1870	3	331.75
4.00	1890	1871	3	332.19
4.00	1890	1874	3	332.64
4.00	1890	1877	3	333.08
4.00	1890	1874	3	333.52
4.00	1890	1870	3	333.95
4.00	1890	1872	3	334.49
4.00	1890	1868	3	334.94
4.00	1890	1871	3	335.38
4.00	1890	1870	3	335.83
4.00	1890	1870	3	336.27
4.00	1890	1870	3	336.72
4.00	1890	1872	3	337.31
4.00	1890	1868	3	337.77
4.00	1890	1873	3	338.22
4.00	1890	1872	3	338.66
4.00	1890	1870	3	339.11
4.00	1890	1869	3	339.55
4.00	1890	1872	3	340.00
4.00	1890	1874	3	340.49
4.00	1890	1873	3	340.94
4.00	1890	1875	3	341.39
4.00	1890	1873	3	341.83
4.00	1890	1876	3	342.28
4.00	1890	1874	3	342.72
4.00	1890	1871	3	343.23
4.00	1890	1872	3	343.66
4.00	1890	1870	3	344.11
4.00	1890	1873	3	344.55
4.00	1889	1873	1	345.00
4.00	1890	1867	3	345.44
4.00	1890	1871	3	345.89
4.00	1889	1876	1	346.43
4.00	1888	1872	1	346.88
4.00	1888	1873	1	347.31
4.00	1886	1874	1	347.76
4.00	1885	1875	1	348.21
4.00	1881	1860	1	348.65
4.00	1890	1870	1	349.37
4.00	1883	1872	1	349.82
4.00	1882	1874	1	350.27
4.00	1880	1855	1	350.71
4.00	1887	1872	1	351.16
4.00	1879	1853	1	351.61
4.00	1885	1873	1	352.05
4.00	1880	1854	1	352.53
4.00	1885	1871	1	352.98
4.00	1876	1856	1	353.42
4.00	1880	1858	1	353.86
4.00	1881	1873	1	354.31
4.00	1874	1859	1	354.75
4.00	1875	1857	1	355.20
4.00	1874	1859	1	355.65
4.00	1876	1857	1	356.10
4.00	1875	1863	1	356.56
4.00	1874	1857	1	357.00
4.00	1871	1859	1	357.44
4.00	1871	1859	1	357.89
4.00	1871	1856	1	358.58
4.00	1868	1841	1	359.02
4.00	1876	1858	1	359.47
4.00	1870	1858	1	359.91
4.00	1868	1842	1	360.36
4.00	1874	1857	1	360.82
4.00	1866	1843	1	361.30
4.00	1870	1859	1	361.75
4.00	1867	1845	1	362.20
4.00	1867	1842	1	362.64
4.00	1870	1841	1	363.08
4.00	1867	1841	1	363.53
4.00	1863	1845	1	363.97
4.00	1865	1841	1	364.43
4.00	1863	1845	1	364.87
4.00	1862	1842	1	365.31
4.01	1862	1842	1	365.76
4.00	1858	1834	1	366.21
4.01	1868	1843	1	366.65
4.00	1857	1832	1	367.10
4.00	1865	1846	1	367.55
4.01	1859	1842	1	367.99
4.00	1855	1833	1	368.44
4.01	1863	1845	1	368.88
4.00	1855	1831	1	369.33
4.01	1860	1842	1	369.78
4.00	1853	1836	1	370.35
4.00	1857	1829	1	370.79
4.00	1856	1834	1	371.24
4.00	1855	1834	1	371.68
4.01	1854	1834	1	372.15
4.01	1852	1828	1	372.59
4.01	1851	1833	1	373.06
4.00	1851	1832	1	373.60
4.01	1851	1833	1	374.04
4.00	1847	1823	1	374.49
4.01	1858	1832	1	374.93
4.00	1846	1823	1	375.39
4.01	1854	1834	1	375.83
4.00	1845	1825	1	376.49
4.01	1851	1832	1	376.94
4.00	1844	1824	1	377.39
4.01	1848	1832	1	377.85
4.00	1843	1828	1	378.30
4.00	1847	1826	1	378.74
4.01	1847	1826	1	379.19
4.01	1844	1828	1	379.64
4.01	1841	1826	1	380.08
4.01	1842	1822	1	380.53
4.01	1840	1826	1	380.98
4.01	1839	1824	1	381.42
4.01	1841	1825	1	381.87
4.00	1835	1818	1	382.57
4.01	1846	1825	1	383.02
4.00	1835	1818	1	383.47
4.01	1842	1828	1	383.91
4.01	1834	1814	1	384.36
4.01	1837	1826	1	384.80
4.01	1834	1817	1	385.31
4.01	1837	1828	1	385.75
4.01	1831	1819	1	386.19
4.01	1832	1816	1	386.64
4.01	1833	1817	1	387.09
4.01	1831	1813	1	387.51
4.01	1832	1814	1	387.96
4.01	1831	1821	1	388.41
4.01	1828	1816	1	388.85
4.01	1829	1814	1	389.30
4.01	1824	1800	1	389.73
4.01	1831	1812	1	390.18
4.01	1824	1803	1	390.62
4.01	1830	1815	1	391.07
4.01	1822	1801	1	391.51
4.01	1828	1813	1	391.96
4.01	1819	1806	1	392.39
4.01	1826	1814	1	392.83
4.01	1817	1803	1	393.28
4.01	1822	1803	1	393.72
4.01	1822	1804	1	394.29
4.01	1819	1803	1	394.73
4.01	1821	1805	1	395.18
4.01	1818	1800	1	395.62
4.01	1816	1805	1	396.06
4.01	1814	1790	1	396.50
4.01	1818	1806	1	396.96
4.01	1811	1794	1	397.41
4.01	1817	1801	1	397.86
4.01	1809	1792	1	398.31
4.01	1815	1801	1	398.75
4.01	1807	1793	1	399.20
4.01	1811	1794	1	399.67
4.01	1813	1788	1	400.11
4.01	1812	1790	1	400.55
4.01	1811	1795	1	401.00
4.01	1808	1786	1	401.43
4.01	1807	1793	1	401.89
4.01	1806	1788	1	402.34
4.01	1803	1775	1	402.79
4.01	1808	1789	1	403.27
4.01	1803	1780	1	403.72
4.01	1807	1787	1	404.16
4.01	1798	1777	1	404.59
4.01	1804	1787	1	405.03
4.01	1799	1771	1	405.48
4.01	1801	1776	1	405.92
4.01	1803	1780	1	406.50
4.01	1800	1782	1	406.94
4.01	1799	1779	1	407.37
4.01	1799	1781	1	407.82
4.01	1797	1779	1	408.26
4.01	1795	1774	1	408.71
4.01	1794	1776	1	409.31
4.01	1794	1782	1	409.74
4.01	1793	1782	1	410.19
4.01	1788	1769	1	410.63
4.01	1795	1778	1	411.08
4.01	1787	1768	1	411.51
4.01	1792	1769	1	411.95
4.01	1793	1780	1	412.41
4.01	1783	1770	1	412.85
4.01	1789	1767	1	413.30
4.01	1788	1768	1	413.74
4.01	1785	1768	1	414.19
4.01	1786	1770	1	414.63
4.01	1784	1770	1	415.09
4.01	1787	1769	1	415.62
4.01	1783	1768	1	416.07
4.01	1782	1768	1	416.51
4.01	1778	1763	1	416.96
4.01	1785	1768	1	417.43
4.01	1779	1762	1	417.87
4.01	1779	1761	1	418.42
4.01	1782	1771	1	418.86
4.01	1773	1761	1	419.31
4.01	1777	1763	1	419.75
4.01	1776	1764	1	420.20
4.01	1775	1759	1	420.64
4.01	1774	1764	1	421.09
4.01	1773	1762	1	421.52
4.01	1774	1759	1	421.96
4.01	1772	1764	1	422.41
4.01	1772	1759	1	422.88
4.01	1769	1747	1	423.32
4.01	1770	1747	1	423.76
4.01	1771	1756	1	424.31
4.01	1767	1750	1	424.76
4.01	1767	1753	1	425.20
4.01	1767	1751	1	425.65
4.01	1766	1751	1	426.09
4.01	1765	1748	1	426.53
4.01	1765	1750	1	426.98
4.01	1762	1747	1	427.41
4.01	1760	1752	1	427.86
4.01	1761	1748	1	428.30
4.01	1760	1748	1	428.75
4.01	1759	1735	1	429.19
4.01	1759	1732	1	429.64
4.01	1759	1750	1	430.08
4.01	1755	1736	1	430.51
4.01	1754	1734	1	430.95
4.01	1754	1734	1	431.40
4.01	1752	1733	1	431.84
4.01	1751	1734	1	432.29
4.01	1749	1734	1	432.72
4.01	1748	1720	1	433.25
4.01	1755	1734	1	433.69
4.01	1749	1734	1	434.13
4.01	1745	1721	1	434.58
4.01	1751	1732	1	435.03
4.01	1742	1718	1	435.47
4.01	1749	1729	1	435.92
4.01	1742	1718	1	436.45
4.01	1745	1720	1	436.88
4.01	1743	1719	1	437.32
4.01	1743	1721	1	437.75
4.01	1741	1718	1	438.20
4.01	1739	1724	1	438.66
4.01	1737	1720	1	439.15
4.01	1736	1710	1	439.60
4.01	1744	1719	1	440.04
4.01	1733	1708	1	440.49
4.01	1742	1721	1	440.94
4.01	1731	1713	1	441.39
4.01	1740	1718	1	441.83
4.01	1727	1711	1	442.27
4.01	1737	1720	1	442.71
4.01	1727	1712	1	443.15
4.01	1734	1710	1	443.60
4.01	1733	1710	1	444.04
4.01	1731	1714	1	444.49
4.01	1731	1711	1	444.94
4.01	1731	1712	1	445.46
4.01	1728	1712	1	445.90
4.01	1727	1711	1	446.36
4.01	1724	1704	1	446.80
4.01	1728	1712	1	447.25
4.01	1723	1704	1	447.69
4.01	1727	1711	1	448.16
4.01	1718	1704	1	448.60
4.01	1724	1704	1	449.05
4.01	1725	1702	1	449.49
4.01	1723	1704	1	449.93
4.01	1723	1705	1	450.38
4.01	1721	1704	1	450.82
4.01	1720	1702	1	451.33
4.01	1720	1702	1	451.77
4.01	1720	1705	1	452.22
4.01	1717	1704	1	452.66
4.01	1717	1704	1	453.11
4.01	1714	1691	1	453.55
4.01	1718	1705	1	454.00
4.01	1710	1694	1	454.42
4.01	1714	1690	1	454.86
4.01	1713	1693	1	455.31
4.01	1712	1696	1	455.75
4.01	1712	1691	1	456.19
4.01	1710	1691	1	456.64
4.01	1710	1690	1	457.08
4.01	1709	1693	1	457.52
4.01	1707	1694	1	457.96
4.01	1706	1690	1	458.43
4.01	1705	1691	1	458.88
4.01	1704	1696	1	459.32
4.01	1703	1680	1	459.79
4.01	1704	1692	1	460.35
4.01	1701	1679	1	460.79
4.01	1703	1679	1	461.24
4.01	1700	1679	1	461.67
4.01	1698	1683	1	462.12
4.01	1698	1679	1	462.55
4.01	1698	1681	1	462.99
4.01	1697	1681	1	463.42
4.01	1693	1681	1	463.86
4.01	1693	1677	1	464.31
4.01	1693	1679	1	464.75
4.01	1693	1680	1	465.20
4.01	1690	1662	1	465.64
4.01	1692	1667	1	466.09
4.01	1691	1666	1	466.53
4.01	1691	1664	1	466.98
4.01	1690	1666	1	467.41
4.01	1689	1668	1	467.84
4.01	1686	1666	1	468.28
4.01	1684	1664	1	468.73
4.01	1683	1668	1	469.19
4.01	1682	1667	1	469.64
4.01	1682	1667	1	470.09
4.01	1680	1651	1	470.54
4.01	1685	1672	1	470.98
4.01	1678	1656	1	471.43
4.01	1685	1669	1	471.88
4.01	1678	1652	1	472.46
4.01	1682	1665	1	472.91
4.01	1673	1653	1	473.36
4.01	1677	1652	1	473.80
4.01	1678	1655	1	474.25
4.01	1678	1654	1	474.69
4.01	1675	1654	1	475.29
4.01	1673	1656	1	475.71
4.01	1673	1656	1	476.15
4.01	1670	1645	1	476.59
4.01	1676	1655	1	477.04
4.01	1669	1645	1	477.48
4.01	1674	1656	1	477.93
4.01	1664	1644	1	478.49
4.01	1671	1655	1	478.92
4.01	1662	1648	1	479.38
4.01	1670	1645	1	479.82
4.01	1668	1647	1	480.27
4.01	1669	1648	1	480.74
4.01	1668	1648	1	481.22
4.01	1667	1648	1	481.67
4.01	1665	1647	1	482.17
4.01	1661	1649	1	482.62
4.01	1664	1646	1	483.07
4.01	1661	1645	1	483.51
4.01	1657	1636	1	483.94
4.01	1662	1645	1	484.46
4.01	1657	1637	1	484.90
4.01	1660	1646	1	485.36
4.01	1652	1641	1	485.80
4.01	1658	1639	1	486.25
4.01	1658	1637	1	486.69
4.01	1657	1638	1	487.33
4.01	1654	1640	1	487.76
4.01	1654	1640	1	488.20
4.01	1654	1643	1	488.65
4.01	1652	1638	1	489.09
4.01	1652	1644	1	489.54
4.01	1652	1639	1	490.01
4.01	1650	1638	1	490.49
4.01	1648	1638	1	490.93
4.01	1647	1624	1	491.37
4.01	1646	1627	1	491.82
4.01	1647	1622	1	492.27
4.01	1646	1626	1	492.72
4.01	1644	1624	1	493.31
4.01	1643	1623	1	493.75
4.01	1640	1622	1	494.19
4.01	1643	1626	1	494.63
4.01	1641	1629	1	495.08
4.01	1640	1625	1	495.53
4.01	1638	1626	1	495.97
4.01	1637	1612	1	496.46
4.01	1636	1610	1	496.91
4.01	1634	1607	1	497.35
4.01	1634	1606	1	497.81
4.01	1633	1611	1	498.26
4.01	1630	1614	1	498.70
4.01	1633	1606	1	499.37
4.01	1629	1610	1	499.82
4.01	1627	1612	1	500.26
4.01	1627	1612	1	500.71
4.01	1625	1599	1	501.14
4.01	1631	1607	1	501.58
4.01	1624	1599	1	502.03
4.01	1631	1605	1	502.48
4.01	1622	1599	1	502.91
4.01	1625	1596	1	503.35
4.01	1626	1596	1	503.79
4.01	1627	1608	1	504.23
4.01	1618	1595	1	504.68
4.01	1622	1596	1	505.32
4.01	1621	1597	1	505.77
4.01	1619	1601	1	506.22
4.01	1617	1597	1	506.66
4.01	1616	1594	1	507.10
4.01	1614	1590	1	507.55
4.01	1622	1596	1	507.99
4.01	1612	1587	1	508.53
4.01	1621	1599	1	508.97
4.01	1610	1589	1	509.44
4.01	1618	1595	1	509.89
4.01	1608	1589	1	510.33
4.01	1615	1595	1	510.78
4.01	1604	1591	1	511.40
4.01	1612	1588	1	511.85
4.01	1613	1588	1	512.29
4.01	1611	1590	1	512.75
4.01	1610	1591	1	513.17
4.01	1609	1588	1	513.60
4.01	1608	1589	1	514.04
4.01	1606	1589	1	514.51
4.01	1604	1589	1	514.97
4.01	1602	1581	1	515.42
4.01	1609	1590	1	515.86
4.01	1601	1585	1	516.30
4.01	1604	1576	1	516.75
4.01	1606	1590	1	517.37
4.01	1596	1581	1	517.82
4.01	1605	1588	1	518.27
4.01	1594	1584	1	518.71
4.01	1601	1582	1	519.16
4.01	1600	1582	1	519.60
4.01	1598	1586	1	520.05
4.01	1600	1585	1	520.51
4.01	1597	1584	1	520.95
4.01	1595	1579	1	521.40
4.01	1594	1581	1	521.85
4.01	1594	1581	1	522.29
4.01	1594	1583	1	522.74
4.01	1592	1569	1	523.35
4.01	1591	1572	1	523.77
4.01	1592	1574	1	524.24
4.01	1592	1569	1	524.69
4.01	1591	1568	1	525.13
4.01	1591	1567	1	525.57
4.01	1588	1568	1	526.02
4.01	1586	1573	1	526.45
4.01	1588	1571	1	526.90
4.01	1584	1571	1	527.34
4.01	1584	1575	1	527.79
4.01	1584	1569	1	528.23
4.01	1582	1569	1	528.68
4.01	1581	1554	1	529.35
4.01	1581	1554	1	529.78
4.01	1580	1551	1	530.23
4.01	1580	1553	1	530.69
4.01	1577	1554	1	531.14
4.01	1577	1554	1	531.58
4.01	1575	1554	1	532.02
4.01	1573	1551	1	532.53
4.01	1574	1554	1	532.97
4.01	1573	1554	1	533.42
4.01	1572	1554	1	533.86
4.01	1571	1553	1	534.31
4.01	1570	1540	1	534.75
4.01	1572	1555	1	535.36
4.01	1568	1539	1	535.82
4.01	1568	1538	1	536.26
4.01	1567	1538	1	536.72
4.01	1566	1539	1	537.17
4.01	1566	1538	1	537.61
4.01	1565	1539	1	538.06
4.01	1563	1538	1	538.57
4.01	1561	1538	1	538.99
4.01	1561	1544	1	539.52
4.01	1560	1541	1	541.11
4.01	1555	1533	1	541.55
4.01	1564	1539	1	541.99
4.01	1557	1529	1	542.45
4.01	1559	1542	1	542.89
4.01	1553	1529	1	543.35
4.01	1560	1540	1	543.80
4.01	1550	1528	1	544.27
4.01	1556	1531	1	544.71
4.01	1554	1533	1	545.16
4.01	1554	1532	1	545.60
4.01	1554	1534	1	546.05
4.01	1551	1530	1	546.49
4.01	1551	1533	1	546.93
4.01	1549	1531	1	547.44
4.01	1549	1531	1	547.88
4.01	1546	1524	1	548.33
4.01	1551	1531	1	548.77
4.01	1545	1527	1	549.22
4.01	1550	1533	1	549.66
4.01	1541	1527	1	550.11
4.01	1550	1530	1	550.57
4.01	1540	1525	1	551.02
4.01	1545	1523	1	551.46
4.01	1546	1525	1	551.90
4.01	1544	1525	1	552.35
4.01	1544	1527	1	552.80
4.01	1542	1524	1	553.37
4.01	1541	1524	1	553.81
4.01	1540	1526	1	554.25
4.01	1538	1526	1	554.70
4.01	1539	1523	1	555.15
4.01	1537	1516	1	555.59
4.01	1540	1523	1	556.03
4.01	1534	1515	1	556.48
4.01	1540	1523	1	556.93
4.01	1533	1517	1	557.39
4.01	1536	1515	1	557.84
4.01	1533	1519	1	558.28
4.01	1535	1514	1	558.73
4.01	1533	1517	1	559.40
4.01	1531	1516	1	559.97
4.01	1531	1516	1	560.41
4.01	1531	1516	1	560.84
4.01	1528	1518	1	561.29
4.01	1529	1517	1	561.74
4.01	1529	1516	1	562.21
4.01	1526	1502	1	562.66
4.01	1526	1500	1	567.15
4.01	1523	1499	1	568.45
4.01	1520	1503	1	569.05
4.01	1519	1499	1	569.48
4.01	1517	1502	1	570.10
4.01	1520	1500	1	570.55
4.01	1517	1497	1	570.99
4.01	1516	1496	1	571.51
4.01	1516	1499	1	571.93
4.01	1515	1482	1	572.38
4.01	1514	1480	1	572.80
4.01	1513	1485	1	573.24
4.01	1512	1479	1	573.68
4.01	1510	1483	1	574.23
4.01	1508	1485	1	574.67
4.01	1507	1483	1	575.12
4.01	1506	1485	1	575.56
4.01	1504	1486	1	576.01
4.01	1503	1474	1	576.46
4.01	1509	1481	1	576.88
4.01	1503	1475	1	577.41
4.01	1508	1481	1	577.86
4.01	1501	1473	1	578.29
4.01	1506	1483	1	578.71
4.01	1499	1472	1	579.14
4.01	1503	1476	1	579.57
4.01	1501	1473	1	580.00
4.01	1501	1473	1	580.43
4.01	1500	1471	1	580.88
4.01	1498	1474	1	581.32
4.01	1499	1476	1	581.76
4.01	1496	1475	1	582.21
4.01	1495	1473	1	582.65
4.01	1493	1472	1	583.10
4.01	1490	1468	1	583.54
4.01	1501	1472	1	583.98
4.01	1489	1466	1	584.42
4.01	1498	1470	1	584.87
4.01	1489	1466	1	585.31
4.01	1495	1474	1	585.76
4.01	1485	1468	1	586.28
4.01	1493	1474	1	586.73
4.01	1482	1468	1	587.18
4.01	1491	1468	1	587.62
4.01	1491	1468	1	588.06
4.01	1489	1468	1	588.51
4.01	1487	1468	1	588.95
4.01	1489	1468	1	589.45
4.01	1486	1469	1	589.89
4.01	1486	1468	1	590.34
4.01	1482	1468	1	590.78
4.01	1485	1468	1	591.21
4.01	1483	1469	1	591.66
4.01	1481	1462	1	592.10
4.01	1484	1469	1	592.53
4.01	1479	1459	1	592.98
4.01	1483	1467	1	593.42
4.01	1475	1460	1	593.87
4.01	1480	1459	1	594.31
4.01	1480	1462	1	594.74
4.01	1479	1461	1	595.21
4.01	1480	1461	1	595.66
4.01	1476	1459	1	596.10
4.01	1477	1462	1	596.55
4.01	1476	1457	1	596.98
4.01	1475	1457	1	597.43
4.01	1473	1462	1	597.87
4.01	1474	1460	1	598.42
4.01	1471	1462	1	598.86
4.01	1472	1462	1	599.29
4.01	1470	1451	1	599.74
4.01	1470	1446	1	600.18
4.01	1469	1452	1	600.63
4.01	1470	1446	1	601.07
4.01	1469	1446	1	601.50
4.01	1466	1447	1	601.95
4.01	1466	1446	1	602.39
4.01	1465	1448	1	602.84
4.01	1464	1449	1	603.28
4.01	1460	1448	1	603.72
4.01	1461	1447	1	604.33
4.01	1460	1450	1	604.77
4.01	1458	1433	1	605.21
4.01	1461	1448	1	605.66
4.01	1459	1433	1	606.10
4.01	1458	1437	1	606.53
4.01	1459	1428	1	607.00
4.01	1455	1431	1	607.49
4.01	1456	1431	1	607.94
4.01	1452	1432	1	608.38
4.01	1453	1430	1	608.83
4.01	1454	1435	1	609.27
4.01	1449	1431	1	609.70
4.01	1452	1430	1	610.31
4.01	1448	1430	1	610.76
4.01	1446	1416	1	611.19
4.01	1454	1432	1	611.64
4.01	1445	1418	1	612.07
4.01	1453	1433	1	612.49
4.01	1445	1419	1	612.93
4.01	1449	1431	1	613.45
4.01	1442	1416	1	613.90
4.01	1447	1416	1	614.34
4.01	1447	1416	1	614.78
4.01	1443	1418	1	615.20
4.01	1444	1415	1	615.65
4.01	1444	1424	1	616.10
4.01	1441	1416	1	617.00
4.01	1440	1417	1	617.94
4.01	1439	1415	1	618.41
4.01	1437	1409	1	618.85
4.01	1443	1418	1	619.40
4.01	1434	1408	1	619.85
4.01	1441	1420	1	620.30
4.01	1431	1409	1	620.72
4.01	1438	1423	1	621.17
4.01	1430	1410	1	621.59
4.01	1437	1410	1	622.03
4.01	1437	1411	1	622.50
4.01	1435	1408	1	622.95
4.01	1435	1410	1	623.40
4.01	1433	1409	1	623.84
4.01	1433	1411	1	624.29
4.01	1430	1410	1	624.73
4.01	1431	1410	1	625.23
4.01	1429	1410	1	625.67
4.01	1427	1410	1	626.11
4.01	1427	1410	1	626.56
4.01	1427	1410	1	627.00
4.01	1425	1405	1	627.45
4.01	1431	1409	1	627.90
4.01	1422	1405	1	628.51
4.01	1427	1409	1	628.95
4.01	1421	1402	1	629.40
4.01	1426	1404	1	629.84
4.01	1427	1410	1	630.29
4.01	1419	1402	1	630.74
4.01	1421	1402	1	631.32
4.01	1422	1400	1	631.75
4.01	1423	1405	1	632.20
4.01	1421	1404	1	632.64
4.01	1420	1403	1	633.09
4.01	1419	1402	1	633.53
4.01	1418	1403	1	633.98
4.01	1417	1404	1	634.49
4.01	1417	1404	1	634.94
4.01	1414	1395	1	635.39
4.01	1415	1405	1	635.84
4.01	1412	1391	1	636.31
4.01	1414	1392	1	636.75
4.01	1414	1394	1	637.21
4.01	1412	1395	1	637.63
4.01	1415	1391	1	638.10
4.01	1412	1393	1	638.53
4.01	1411	1392	1	638.97
4.01	1408	1393	1	639.42
4.01	1410	1398	1	639.84
4.01	1409	1394	1	640.28
4.01	1406	1392	1	640.72
4.01	1405	1392	1	641.16
4.01	1407	1389	1	641.59
4.01	1404	1397	1	642.04
4.01	1405	1397	1	642.49
4.01	1402	1374	1	642.91
4.01	1402	1371	1	643.35
4.01	1404	1379	1	643.80
4.01	1400	1374	1	644.25
4.01	1400	1377	1	644.69
4.01	1400	1374	1	645.12
4.01	1398	1376	1	645.56
4.01	1397	1377	1	646.01
4.01	1395	1376	1	646.43
4.01	1395	1373	1	646.87
4.01	1395	1373	1	647.34
4.01	1394	1373	1	647.76
4.01	1391	1359	1	648.21
4.01	1398	1373	1	648.65
4.01	1390	1359	1	649.10
4.01	1395	1374	1	649.60
4.01	1388	1359	1	650.04
4.01	1393	1375	1	650.49
4.01	1386	1357	1	650.96
4.01	1392	1361	1	651.40
4.01	1390	1359	1	651.85
4.01	1390	1360	1	652.51
4.01	1388	1358	1	652.93
4.01	1388	1360	1	653.38
4.01	1386	1357	1	653.80
4.01	1386	1358	1	654.25
4.01	1385	1358	1	654.70
4.01	1384	1359	1	655.48
4.01	1382	1360	1	655.91
4.01	1380	1352	1	656.35
4.01	1386	1361	1	656.80
4.01	1378	1351	1	657.24
4.01	1385	1355	1	657.69
4.01	1377	1352	1	658.28
4.01	1381	1351	1	658.72
4.01	1381	1352	1	659.17
4.01	1380	1350	1	659.61
4.01	1382	1352	1	660.12
4.01	1379	1350	1	660.63
4.01	1379	1353	1	661.74
4.01	1376	1350	1	662.77
4.01	1377	1351	1	663.60
4.01	1375	1351	1	664.05
4.01	1374	1352	1	664.82
4.01	1372	1351	1	665.33
4.01	1372	1349	1	665.78
4.01	1370	1347	1	666.23
4.01	1375	1352	1	666.70
4.01	1368	1347	1	667.94
4.01	1373	1353	1	668.68
4.01	1368	1348	1	669.12
4.01	1369	1346	1	669.57
4.01	1371	1350	1	670.03
4.01	1361	1347	1	670.48
4.01	1367	1348	1	670.91
4.01	1368	1346	1	671.35
4.01	1368	1344	1	671.80
4.01	1367	1346	1	672.24
4.01	1366	1347	1	672.67
4.01	1365	1347	1	673.28
4.01	1365	1347	1	673.71
4.01	1363	1345	1	674.21
4.01	1363	1347	1	674.64
4.01	1361	1344	1	675.09
4.01	1359	1337	1	675.52
4.01	1363	1347	1	675.95
4.01	1358	1339	1	676.48
4.01	1360	1345	1	676.91
4.01	1358	1338	1	677.35
4.01	1358	1340	1	677.81
4.01	1358	1340	1	678.25
4.01	1356	1338	1	678.70
4.01	1356	1340	1	679.33
4.01	1355	1340	1	679.77
4.01	1354	1338	1	680.22
4.01	1354	1340	1	680.66
4.01	1354	1338	1	681.11
4.01	1352	1340	1	681.55
4.01	1351	1337	1	682.00
4.01	1351	1338	1	682.45
4.01	1350	1335	1	682.90
4.01	1348	1325	1	683.34
4.01	1352	1338	1	683.79
4.01	1348	1320	1	684.21
4.01	1348	1340	1	684.66
4.01	1346	1323	1	685.10
4.01	1348	1325	1	685.55
4.01	1344	1324	1	686.00
4.01	1345	1319	1	686.45
4.01	1345	1325	1	686.89
4.01	1342	1322	1	687.34
4.01	1341	1323	1	687.79
4.01	1340	1322	1	688.29
4.01	1341	1324	1	688.74
4.01	1339	1323	1	689.19
4.01	1338	1324	1	689.63
4.01	1338	1321	1	690.08
4.01	1335	1305	1	690.52
4.01	1339	1321	1	690.96
4.01	1336	1306	1	691.50
4.01	1339	1323	1	691.95
4.01	1333	1304	1	692.39
4.01	1337	1304	1	692.84
4.01	1337	1304	1	693.28
4.01	1336	1305	1	693.73
4.01	1334	1302	1	694.32
4.01	1333	1304	1	694.78
4.01	1333	1306	1	695.22
4.01	1332	1307	1	695.67
4.01	1329	1304	1	696.10
4.01	1330	1308	1	696.54
4.01	1328	1310	1	696.99
4.01	1329	1306	1	697.46
4.01	1326	1292	1	697.89
4.01	1329	1305	1	698.33
4.01	1324	1296	1	698.79
4.01	1328	1304	1	700.91
4.01	1321	1292	1	701.84
4.01	1324	1292	1	702.34
4.01	1324	1293	1	702.79
4.01	1324	1294	1	703.84
4.01	1327	1306	1	704.32
4.01	1315	1288	1	704.77
4.01	1327	1302	1	705.22
4.01	1313	1288	1	705.64
4.01	1323	1294	1	706.09
4.01	1317	1291	1	706.55
4.01	1317	1293	1	706.97
4.01	1316	1293	1	707.41
4.01	1312	1288	1	707.86
4.01	1321	1292	1	708.29
4.01	1315	1288	1	708.73
4.01	1318	1291	1	709.49
4.01	1311	1288	1	709.96
4.01	1316	1291	1	710.39
4.01	1309	1290	1	710.90
4.01	1314	1288	1	711.35
4.01	1315	1294	1	711.80
4.01	1307	1290	1	712.51
4.01	1313	1289	1	712.97
4.01	1312	1290	1	713.41
4.01	1311	1289	1	713.85
4.01	1311	1289	1	714.30
4.01	1311	1289	1	714.75
4.01	1311	1288	1	715.35
4.01	1305	1288	1	715.80
4.01	1307	1288	1	716.25
4.01	1305	1288	1	716.68
4.01	1305	1289	1	717.10
4.01	1306	1287	1	717.54
4.01	1303	1285	1	717.96
4.01	1305	1285	1	718.53
4.01	1301	1279	1	718.98
4.01	1305	1289	1	719.42
4.01	1299	1285	1	719.86
4.01	1302	1281	1	720.28
4.01	1303	1285	1	720.76
4.01	1301	1283	1	721.52
4.01	1301	1280	1	722.30
4.01	1301	1285	1	722.93
4.01	1299	1282	1	723.48
4.01	1299	1280	1	723.92
4.01	1296	1282	1	724.43
4.01	1296	1285	1	724.87
4.01	1297	1284	1	725.32
4.01	1296	1282	1	725.76
4.01	1293	1283	1	726.20
4.01	1294	1285	1	726.65
4.01	1292	1266	1	727.08
4.01	1295	1282	1	727.53
4.01	1291	1270	1	727.97
4.01	1293	1274	1	728.46
4.01	1292	1274	1	728.90
4.01	1292	1276	1	729.35
4.01	1291	1273	1	729.80
4.01	1289	1273	1	730.34
4.01	1288	1273	1	730.79
4.01	1288	1269	1	731.22
4.01	1286	1273	1	731.68
4.01	1286	1270	1	732.13
4.01	1285	1267	1	732.57
4.01	1285	1275	1	733.00
4.01	1284	1275	1	733.46
4.01	1282	1268	1	733.90
4.01	1279	1253	1	734.35
4.01	1286	1274	1	734.80
4.01	1282	1248	1	735.24
4.01	1283	1271	1	735.74
4.01	1278	1261	1	736.36
4.01	1283	1270	1	736.80
4.01	1274	1250	1	737.24
4.01	1280	1248	1	737.67
4.01	1279	1251	1	738.11
4.01	1278	1248	1	738.54
4.01	1277	1250	1	738.97
4.01	1276	1249	1	739.46
4.01	1276	1248	1	739.90
4.01	1275	1252	1	740.36
4.01	1272	1248	1	740.80
4.01	1270	1233	1	741.25
4.01	1276	1250	1	741.70
4.01	1269	1234	1	742.28
4.01	1275	1251	1	742.74
4.01	1268	1235	1	743.19
4.01	1271	1251	1	743.63
4.01	1266	1235	1	744.08
4.01	1270	1233	1	744.51
4.01	1271	1252	1	744.96
4.01	1265	1237	1	745.60
4.01	1267	1233	1	746.05
4.01	1266	1232	1	746.49
4.01	1267	1238	1	746.94
4.01	1266	1235	1	747.36
4.01	1264	1235	1	747.81
4.01	1265	1233	1	748.31
4.01	1261	1233	1	748.76
4.01	1262	1234	1	749.20
4.01	1261	1233	1	749.64
4.01	1261	1235	1	750.06
4.01	1260	1234	1	750.51
4.01	1258	1230	1	750.95
4.01	1263	1234	1	751.41
4.01	1257	1230	1	751.87
4.01	1260	1237	1	752.32
4.01	1254	1231	1	752.76
4.01	1260	1234	1	753.21
4.01	1253	1231	1	753.66
4.01	1258	1229	1	754.10
4.01	1257	1230	1	754.63
4.01	1256	1230	1	755.08
4.01	1256	1231	1	755.52
4.01	1254	1231	1	755.97
4.01	1254	1229	1	756.41
4.01	1254	1229	1	756.86
4.01	1252	1229	1	757.50
4.01	1253	1230	1	757.97
4.01	1253	1229	1	758.39
4.01	1250	1229	1	758.83
4.01	1249	1232	1	759.26
4.01	1250	1230	1	759.69
4.01	1248	1226	1	760.14
4.01	1252	1230	1	760.57
4.01	1248	1224	1	761.02
4.01	1251	1230	1	761.46
4.01	1245	1226	1	761.91
4.01	1248	1227	1	762.35
4.01	1247	1228	1	762.82
4.01	1247	1228	1	763.51
4.01	1247	1224	1	763.95
4.01	1244	1229	1	764.39
4.01	1246	1228	1	764.84
4.01	1245	1227	1	765.27
4.01	1245	1228	1	765.71
4.01	1242	1227	1	766.45
4.01	1242	1229	1	767.11
4.01	1241	1228	1	767.85
4.01	1242	1225	1	768.44
4.01	1241	1229	1	768.88
4.00	1236	1217	1	769.56
4.01	1245	1228	1	770.29
4.01	1239	1225	1	771.05
4.00	1236	1220	1	771.56
4.01	1241	1227	1	772.50
4.01	1235	1221	1	773.67
4.01	1238	1227	1	774.54
4.01	1234	1218	1	775.01
4.01	1236	1220	1	776.29
4.01	1234	1219	1	776.95
4.01	1234	1216	1	778.34
4.01	1233	1218	1	779.02
4.01	1231	1217	1	779.49
4.01	1230	1219	1	779.93
4.01	1228	1218	1	780.40
4.01	1230	1218	1	780.85
4.01	1229	1216	1	781.49
4.01	1227	1218	1	781.96
4.00	1225	1203	1	782.50
4.01	1232	1216	1	782.97
4.01	1224	1202	1	783.42
4.01	1229	1213	1	783.88
4.01	1223	1201	1	784.39
4.01	1227	1221	1	784.84
4.01	1222	1199	1	785.28
4.01	1225	1200	1	785.73
4.01	1225	1203	1	786.19
4.01	1224	1200	1	786.62
4.01	1221	1207	1	787.07
4.01	1221	1202	1	787.59
4.01	1220	1199	1	788.03
4.01	1218	1195	1	788.50
4.01	1218	1203	1	788.94
4.01	1219	1200	1	789.38
4.01	1218	1203	1	789.81
4.01	1217	1197	1	790.30
4.01	1215	1184	1	790.78
4.01	1219	1203	1	791.25
4.01	1213	1188	1	791.72
4.01	1219	1203	1	792.15
4.01	1212	1187	1	792.59
4.01	1214	1183	1	793.04
4.01	1216	1200	1	793.49
4.01	1209	1183	1	793.94
4.01	1212	1186	1	794.39
4.01	1213	1185	1	794.84
4.01	1211	1182	1	795.29
4.01	1213	1183	1	795.73
4.01	1209	1184	1	796.40
4.01	1210	1187	1	796.84
4.01	1210	1183	1	797.27
4.01	1208	1185	1	797.74
4.01	1207	1183	1	798.25
4.01	1206	1185	1	798.69
4.01	1204	1187	1	799.14
4.01	1203	1171	1	799.64
4.01	1208	1185	1	800.08
4.01	1202	1171	1	800.53
4.01	1206	1179	1	800.97
4.01	1198	1171	1	801.41
4.01	1203	1172	1	801.84
4.01	1203	1172	1	802.35
4.01	1204	1172	1	802.79
4.01	1202	1174	1	803.23
4.01	1201	1172	1	803.70
4.01	1200	1171	1	804.14
4.01	1198	1172	1	804.59
4.01	1199	1171	1	805.03
4.01	1199	1173	1	805.53
4.01	1197	1172	1	805.97
4.01	1197	1172	1	806.44
4.01	1197	1172	1	806.88
4.01	1196	1172	1	807.33
4.01	1193	1172	1	807.78
4.01	1193	1168	1	808.24
4.01	1196	1171	1	808.70
4.01	1191	1166	1	809.14
4.01	1195	1173	1	809.59
4.01	1191	1169	1	810.04
4.01	1193	1168	1	810.48
4.01	1193	1169	1	810.93
4.01	1187	1169	1	811.41
4.01	1190	1169	1	811.86
4.01	1190	1166	1	812.30
4.01	1190	1169	1	812.76
4.01	1189	1167	1	813.21
4.01	1189	1168	1	813.66
4.01	1189	1168	1	814.10
4.01	1187	1169	1	814.62
4.01	1187	1168	1	815.04
4.01	1186	1168	1	815.49
4.01	1187	1169	1	815.94
4.01	1185	1168	1	816.38
4.01	1184	1166	1	816.83
4.01	1183	1168	1	817.36
4.00	1180	1163	1	817.80
4.01	1187	1165	1	818.28
4.00	1181	1166	1	818.72
4.01	1186	1168	1	819.16
4.00	1179	1164	1	819.60
4.01	1185	1168	1	820.03
4.00	1179	1166	1	820.46
4.01	1183	1168	1	820.88
4.01	1177	1161	1	821.33
4.01	1180	1162	1	821.77
4.01	1181	1162	1	822.23
4.00	1180	1164	1	822.67
4.01	1181	1165	1	823.12
4.01	1177	1161	1	823.56
4.01	1178	1161	1	824.03
4.01	1176	1161	1	824.49
4.01	1175	1161	1	824.94
4.01	1177	1162	1	825.39
4.01	1174	1161	1	825.84
4.01	1172	1163	1	826.31
4.01	1172	1165	1	826.74
4.01	1173	1163	1	827.21
4.01	1171	1165	1	827.67
4.00	1169	1149	1	828.10
4.01	1176	1165	1	828.55
4.00	1169	1148	1	828.99
4.01	1176	1163	1	829.41
4.00	1168	1141	1	829.86
4.01	1173	1164	1	830.30
4.01	1167	1144	1	830.75
4.00	1167	1150	1	831.19
4.01	1170	1151	1	831.64
4.00	1169	1150	1	832.09
4.00	1171	1150	1	832.58
4.00	1170	1147	1	833.03
4.01	1168	1148	1	833.46
4.01	1167	1144	1	833.90
4.00	1166	1149	1	834.35
4.01	1167	1147	1	834.80
4.01	1164	1143	1	835.33
4.01	1163	1147	1	836.01
4.01	1161	1145	1	836.47
4.01	1162	1147	1	836.92
4.00	1160	1125	1	837.38
4.01	1163	1148	1	837.82
4.00	1159	1123	1	838.49
4.01	1164	1147	1	838.93
4.00	1157	1126	1	839.38
4.01	1161	1146	1	839.83
4.01	1154	1128	1	840.26
4.00	1159	1132	1	840.78
4.01	1159	1125	1	841.46
4.01	1158	1129	1	841.91
4.00	1156	1135	1	842.36
4.01	1158	1124	1	842.80
4.01	1156	1130	1	843.25
4.01	1153	1126	1	843.70
4.01	1154	1126	1	844.32
4.01	1154	1124	1	844.75
4.01	1151	1125	1	845.20
4.01	1151	1128	1	845.65
4.01	1150	1127	1	846.09
4.01	1148	1114	1	846.54
4.01	1151	1128	1	846.98
4.01	1149	1125	1	847.49
4.01	1146	1111	1	847.93
4.01	1149	1127	1	848.38
4.01	1145	1114	1	848.83
4.01	1148	1113	1	849.28
4.01	1146	1112	1	849.72
4.01	1147	1111	1	850.43
4.01	1144	1113	1	851.21
4.01	1144	1114	1	852.11
4.01	1144	1112	1	852.89
4.01	1144	1113	1	853.58
4.01	1143	1112	1	854.02
4.01	1141	1111	1	854.46
4.01	1142	1112	1	854.91
4.01	1141	1112	1	855.36
4.01	1139	1110	1	855.81
4.01	1140	1114	1	856.40
4.01	1136	1109	1	856.84
4.01	1140	1111	1	857.36
4.01	1137	1109	1	857.78
4.01	1139	1112	1	858.23
4.01	1136	1109	1	858.69
4.01	1138	1115	1	859.14
4.01	1134	1109	1	859.60
4.01	1137	1109	1	860.05
4.01	1136	1109	1	860.50
4.01	1136	1109	1	860.94
4.01	1135	1110	1	861.39
4.01	1134	1109	1	861.82
4.01	1135	1110	1	862.57
4.01	1133	1110	1	863.03
4.01	1132	1109	1	863.47
4.01	1131	1109	1	863.91
4.01	1131	1109	1	864.34
4.01	1130	1109	1	864.77
4.01	1130	1109	1	865.34
4.01	1129	1109	1	865.79
4.01	1128	1109	1	866.23
4.01	1128	1109	1	866.67
4.00	1126	1105	1	867.12
4.01	1134	1109	1	867.57
4.01	1127	1110	1	868.01
4.00	1126	1108	1	868.63
4.01	1131	1109	1	869.08
4.00	1125	1106	1	869.53
4.01	1128	1110	1	869.97
4.00	1124	1109	1	870.41
4.01	1126	1109	1	870.84
4.00	1120	1105	1	871.55
4.00	1126	1107	1	872.00
4.01	1127	1109	1	872.45
4.01	1118	1107	1	872.90
4.01	1122	1108	1	873.35
4.01	1122	1106	1	873.80
4.00	1121	1107	1	874.51
4.01	1122	1103	1	875.18
4.01	1120	1108	1	875.63
4.01	1120	1108	1	876.06
4.01	1120	1107	1	876.49
4.01	1117	1106	1	876.93
4.01	1118	1107	1	877.52
4.01	1117	1106	1	877.97
4.01	1117	1107	1	878.41
4.01	1116	1108	1	878.85
4.00	1115	1094	1	879.30
4.01	1122	1106	1	879.75
4.00	1112	1095	1	880.44
4.01	1121	1104	1	880.88
4.00	1113	1095	1	881.33
4.01	1118	1107	1	881.77
4.01	1110	1095	1	882.21
4.00	1112	1095	1	882.66
4.01	1116	1107	1	883.11
4.00	1110	1096	1	883.56
4.00	1113	1092	1	884.00
4.00	1114	1095	1	884.45
4.00	1113	1096	1	884.91
4.00	1112	1096	1	885.36
4.01	1111	1095	1	885.80
4.01	1109	1096	1	886.35
4.01	1108	1096	1	886.78
4.01	1106	1097	1	887.22
4.00	1108	1089	1	887.67
4.01	1109	1096	1	888.11
4.01	1106	1097	1	888.56
4.01	1104	1098	1	889.01
4.00	1104	1076	1	889.45
4.01	1109	1095	1	889.90
4.00	1104	1072	1	890.34
4.01	1108	1096	1	890.81
4.00	1101	1076	1	891.25
4.01	1106	1096	1	891.70
4.00	1099	1078	1	892.15
4.00	1104	1077	1	892.59
4.00	1104	1080	1	893.04
4.00	1104	1076	1	893.48
4.01	1105	1097	1	893.95
4.01	1097	1078	1	894.39
4.00	1099	1079	1	894.83
4.00	1102	1077	1	895.44
4.00	1100	1073	1	895.89
4.00	1100	1079	1	896.34
4.00	1099	1079	1	896.78
4.01	1098	1078	1	897.23
4.00	1097	1079	1	897.67
4.00	1097	1075	1	898.13
4.01	1097	1083	1	898.59
4.01	1092	1058	1	899.04
4.01	1095	1076	1	899.48
4.00	1093	1058	1	899.93
4.01	1095	1080	1	900.37
4.01	1091	1062	1	900.81
4.01	1093	1057	1	901.44
4.01	1092	1060	1	901.87
4.00	1090	1059	1	902.30
4.01	1092	1058	1	902.75
4.01	1091	1058	1	903.20
4.01	1090	1060	1	903.64
4.00	1090	1055	1	904.09
4.00	1090	1057	1	904.52
4.01	1090	1059	1	904.96
4.00	1087	1059	1	905.41
4.01	1088	1056	1	905.84
4.01	1087	1057	1	906.27
4.01	1086	1058	1	906.71
4.01	1085	1061	1	907.14
4.01	1085	1058	1	907.58
4.01	1085	1055	1	908.03
4.01	1084	1056	1	908.47
4.00	1081	1049	1	908.91
4.01	1084	1058	1	909.35
4.01	1081	1049	1	909.80
4.00	1082	1049	1	910.51
4.01	1082	1058	1	910.96
4.01	1079	1051	1	911.40
4.01	1081	1049	1	911.85
4.00	1080	1050	1	912.29
4.01	1080	1050	1	912.74
4.01	1079	1049	1	913.52
4.01	1078	1049	1	913.97
4.01	1078	1049	1	914.41
4.01	1078	1050	1	914.86
4.01	1077	1050	1	915.29
4.01	1075	1050	1	915.76
4.01	1075	1049	1	916.29
4.01	1074	1050	1	916.72
4.01	1073	1050	1	917.17
4.01	1073	1051	1	917.62
4.01	1072	1050	1	918.07
4.01	1072	1050	1	918.51
4.00	1071	1049	1	918.96
4.01	1078	1049	1	919.44
4.00	1069	1048	1	919.88
4.01	1076	1049	1	920.33
4.00	1069	1049	1	920.77
4.01	1077	1050	1	921.22
4.00	1068	1048	1	921.67
4.01	1072	1050	1	922.11
4.00	1067	1049	1	922.56
4.00	1071	1048	1	923.01
4.01	1072	1050	1	923.45
4.00	1064	1048	1	923.89
4.00	1068	1048	1	924.34
4.00	1069	1048	1	924.79
4.00	1070	1049	1	925.24
4.00	1067	1049	1	925.68
4.01	1068	1048	1	926.12
4.00	1065	1048	1	926.59
4.00	1065	1049	1	927.04
4.01	1065	1049	1	927.48
4.00	1063	1049	1	927.92
4.01	1063	1048	1	928.45
4.01	1061	1048	1	928.90
4.01	1061	1047	1	929.34
4.01	1061	1048	1	930.83
4.00	1059	1044	1	931.33
4.01	1069	1049	1	931.78
4.00	1059	1041	1	932.23
4.01	1070	1049	1	932.69
4.00	1058	1042	1	933.13
4.01	1067	1048	1	933.58
4.00	1058	1042	1	934.02
4.01	1067	1048	1	934.47
4.00	1056	1041	1	934.94
4.01	1062	1046	1	935.38
4.00	1055	1040	1	935.83
4.01	1064	1049	1	936.27
4.00	1055	1040	1	936.72
4.01	1062	1049	1	937.26
4.00	1053	1041	1	937.69
4.01	1060	1046	1	938.14
4.00	1052	1044	1	938.59
4.00	1057	1044	1	939.03
4.00	1058	1042	1	939.49
4.00	1056	1043	1	939.94
4.00	1055	1042	1	940.42
4.00	1056	1040	1	940.87
4.01	1053	1040	1	941.31
4.01	1050	1046	1	941.79
4.00	1050	1042	1	942.22
4.01	1052	1042	1	942.66
4.00	1049	1040	1	943.11
4.00	1049	1041	1	943.55
4.01	1049	1043	1	944.00
4.00	1048	1024	1	944.44
4.01	1055	1041	1	944.91
4.00	1047	1020	1	945.35
4.01	1053	1043	1	945.80
4.00	1045	1026	1	946.27
4.01	1053	1045	1	946.70
4.00	1044	1023	1	947.13
4.01	1050	1042	1	947.58
4.00	1043	1025	1	948.01
4.01	1050	1044	1	948.45
4.00	1041	1025	1	948.89
4.00	1048	1026	1	949.39
4.00	1047	1027	1	949.83
4.00	1047	1024	1	950.28
4.00	1047	1028	1	950.72
4.00	1047	1024	1	951.15
4.00	1043	1025	1	951.61
4.00	1045	1027	1	952.06
4.00	1044	1026	1	952.49
4.00	1043	1025	1	952.94
4.00	1044	1024	1	953.39
4.00	1041	1028	1	953.83
4.00	1041	1024	1	954.28
4.00	1039	1030	1	954.72
4.00	1040	1025	1	955.29
4.00	1037	1008	1	955.73
4.00	1040	1029	1	956.16
4.00	1037	1003	1	956.59
4.00	1037	1003	1	957.02
4.01	1038	1023	1	957.46
4.00	1034	1000	1	957.93
4.00	1036	1008	1	958.45
4.00	1036	1002	1	958.90
4.00	1035	1003	1	959.34
4.00	1034	1004	1	959.79
4.00	1033	1007	1	960.23
4.00	1033	1007	1	960.67
4.01	1033	1000	1	961.10
4.00	1031	1004	1	961.55
4.00	1031	1004	1	962.05
4.00	1031	1004	1	962.88
4.00	1030	1002	1	963.50
4.01	1030	 997	1	963.97
4.01	1027	1002	1	964.44
4.01	1026	 990	1	964.88
4.00	1027	1002	1	965.33
4.00	1027	1003	1	965.83
4.01	1027	1004	1	966.30
4.00	1026	 991	1	966.73
4.01	1026	 991	1	967.23
4.01	1024	 991	1	967.66
4.00	1025	 991	1	968.11
4.00	1025	 992	1	968.55
4.01	1025	 990	1	969.01
4.01	1023	 992	1	969.46
4.01	1021	 989	1	969.99
4.00	1022	 992	1	970.47
4.01	1022	 989	1	970.92
4.01	1021	 990	1	971.37
4.01	1018	 994	1	971.81
4.01	1018	 989	1	972.24
4.01	1019	 989	1	972.68
4.01	1017	 992	1	973.66
4.01	1017	 994	1	974.27
4.01	1017	 989	1	974.73
4.01	1016	 993	1	975.16
4.01	1017	 991	1	975.61
4.00	1014	 989	1	976.05
4.01	1021	 989	1	976.51
4.00	1013	 989	1	977.00
4.01	1018	 991	1	977.43
4.00	1012	 990	1	977.87
4.01	1017	 990	1	978.29
4.00	1011	 989	1	978.73
4.01	1016	 993	1	979.21
4.00	1011	 989	1	979.65
4.00	1014	 989	1	980.10
4.00	1013	 989	1	980.90
4.00	1013	 989	1	981.36
4.00	1011	 989	1	981.81
4.00	1011	 989	1	982.25
4.01	1011	 989	1	982.70
4.00	1009	 989	1	983.15
4.00	1009	 989	1	983.59
4.01	1008	 989	1	984.01
4.00	1007	 989	1	984.46
4.00	1007	 989	1	984.90
4.01	1007	 989	1	985.35
4.01	1006	 989	1	985.85
4.01	1005	 989	1	986.29
4.01	1004	 989	1	986.74
4.00	1004	 988	1	987.19
4.01	1015	 989	1	987.63
4.00	1003	 989	1	988.08
4.01	1015	 989	1	988.53
4.00	1002	 988	1	989.07
4.01	1014	 989	1	989.51
4.00	1001	 988	1	989.96
4.01	1011	 989	1	990.40
4.00	1001	 989	1	990.85
4.01	1011	 989	1	991.30
