Vcell	Icell	time
3.488960	2.160000	0.003333
3.754460	2.160000	0.037167
3.762190	2.160000	0.070833
3.768140	2.160000	0.104667
3.772900	2.160000	0.138333
3.777360	2.160000	0.172167
3.781220	2.160000	0.205833
3.783300	2.160000	0.239500
3.786870	2.160000	0.273333
3.789840	2.160000	0.307000
3.795200	2.160000	0.340667
3.796980	2.160000	0.374500
3.798470	2.160000	0.408167
3.801440	2.160000	0.442167
3.804120	2.160000	0.476000
3.805010	2.160000	0.509833
3.806790	2.160000	0.543333
3.809170	2.160000	0.577167
3.810950	2.160000	0.611000
3.810360	2.160000	0.644833
3.814820	2.160000	0.678667
3.815410	2.160000	0.712500
3.818090	2.160000	0.746167
3.819280	2.160000	0.779833
3.817500	2.160000	0.813333
3.820770	2.160000	0.847167
3.821360	2.160000	0.880833
3.824930	2.160000	0.914667
3.824040	2.160000	0.948333
3.826710	2.160000	0.982167
3.827010	2.160000	1.015833
3.827600	2.160000	1.049667
3.829390	2.160000	1.083333
3.831470	2.160000	1.117000
3.832660	2.160000	1.150833
3.832960	2.160000	1.184500
3.833250	2.160000	1.218500
3.834440	2.160000	1.252333
3.833850	2.160000	1.286167
3.834740	2.160000	1.319833
3.835930	2.160000	1.353833
3.837120	2.160000	1.387500
3.838610	2.160000	1.421167
3.838310	2.160000	1.455000
3.840090	2.160000	1.488667
3.841880	2.160000	1.522500
3.841580	2.160000	1.556333
3.842170	2.160000	1.590167
3.844250	2.160000	1.623833
3.842770	2.160000	1.657667
3.844250	2.160000	1.691167
3.843070	2.160000	1.725000
3.845740	2.160000	1.758833
3.846340	2.160000	1.792500
3.846630	2.160000	1.826333
3.846930	2.160000	1.860000
3.848120	2.160000	1.893833
3.848420	2.160000	1.927500
3.848420	2.160000	1.961333
3.849310	2.160000	1.995000
3.848420	2.160000	2.028667
3.850800	2.160000	2.062333
3.851390	2.160000	2.096000
3.852880	2.160000	2.129833
3.851980	2.160000	2.163833
3.853770	2.160000	2.197500
3.852880	2.160000	2.231167
3.854960	2.160000	2.264833
3.854070	2.160000	2.298667
3.855260	2.160000	2.332333
3.856440	2.160000	2.366167
3.857930	2.160000	2.400000
3.857630	2.160000	2.434000
3.857630	2.160000	2.467667
3.857930	2.160000	2.501500
3.858230	2.160000	2.535333
3.860010	2.160000	2.569000
3.857340	2.160000	2.602833
3.858820	2.160000	2.636500
3.861800	2.160000	2.670333
3.862990	2.160000	2.704000
3.861800	2.160000	2.737833
3.860900	2.160000	2.771833
3.862690	2.160000	2.805500
3.862390	2.160000	2.839333
3.862990	2.160000	2.873000
3.864170	2.160000	2.906667
3.862990	2.160000	2.940500
3.862990	2.160000	2.974500
3.865070	2.160000	3.008333
3.865360	2.160000	3.042167
3.865660	2.160000	3.075833
3.866260	2.160000	3.109500
3.866550	2.160000	3.143333
3.866850	2.160000	3.177167
3.868340	2.160000	3.210667
3.866850	2.160000	3.244500
3.867150	2.160000	3.278167
3.868630	2.160000	3.312000
3.867450	2.160000	3.345667
3.868340	2.160000	3.379333
3.869820	2.160000	3.413167
3.871010	2.160000	3.447000
3.870420	2.160000	3.480667
3.872500	2.160000	3.514500
3.871310	2.160000	3.548000
3.871010	2.160000	3.581833
3.870720	2.160000	3.615833
3.873690	2.160000	3.649667
3.872800	2.160000	3.683333
3.873390	2.160000	3.717167
3.873990	2.160000	3.751000
3.872800	2.160000	3.784667
3.875470	2.160000	3.818333
3.875180	2.160000	3.851833
3.876360	2.160000	3.885500
3.876360	2.160000	3.919333
3.876660	2.160000	3.953000
3.876360	2.160000	3.986833
3.877260	2.160000	4.020833
3.877550	2.160000	4.054500
3.876960	2.160000	4.088167
3.877260	2.160000	4.122000
3.878740	2.160000	4.155667
3.878740	2.160000	4.189167
3.879930	2.160000	4.222833
3.879640	2.160000	4.256667
3.880230	2.160000	4.290667
3.881120	2.160000	4.324500
3.881420	2.160000	4.358167
3.880530	2.160000	4.392000
3.881120	2.160000	4.425833
3.879930	2.160000	4.459667
3.882610	2.160000	4.493333
3.882610	2.160000	4.527167
3.883500	2.160000	4.561000
3.884100	2.160000	4.594667
3.882310	2.160000	4.628500
3.884690	2.160000	4.662167
3.884390	2.160000	4.696000
3.885280	2.160000	4.729667
3.884990	2.160000	4.763333
3.885580	2.160000	4.797000
3.885580	2.160000	4.830833
3.885880	2.160000	4.864500
3.886470	2.160000	4.898167
3.886470	2.160000	4.931833
3.886770	2.160000	4.965500
3.887370	2.160000	4.999333
3.888260	2.160000	5.033000
3.888850	2.160000	5.066833
3.888850	2.160000	5.100667
3.888850	2.160000	5.134333
3.890930	2.160000	5.168000
3.890340	2.160000	5.201833
3.890340	2.160000	5.235500
3.890930	2.160000	5.269167
3.890340	2.160000	5.302833
3.892420	2.160000	5.336667
3.891230	2.160000	5.370500
3.891230	2.160000	5.404167
3.891830	2.160000	5.437833
3.893610	2.160000	5.471667
3.894200	2.160000	5.505500
3.893610	2.160000	5.539333
3.893310	2.160000	5.573167
3.894200	2.160000	5.606833
3.895390	2.160000	5.640500
3.894800	2.160000	5.674333
3.896880	2.160000	5.708167
3.895100	2.160000	5.742000
3.895390	2.160000	5.775833
3.896580	2.160000	5.809500
3.895990	2.160000	5.843333
3.896880	2.160000	5.877000
3.897770	2.160000	5.910833
3.896880	2.160000	5.944500
3.899560	2.160000	5.978167
3.898660	2.160000	6.012000
3.901040	2.160000	6.045833
3.899260	2.160000	6.079333
3.899260	2.160000	6.113167
3.900750	2.160000	6.146833
3.899260	2.160000	6.180667
3.899850	2.160000	6.214333
3.900750	2.160000	6.248167
3.901640	2.160000	6.281833
3.901040	2.160000	6.315500
3.901040	2.160000	6.349167
3.902830	2.160000	6.383000
3.903120	2.160000	6.416667
3.902530	2.160000	6.450500
3.903420	2.160000	6.484500
3.903420	2.160000	6.518333
3.903720	2.160000	6.552167
3.904310	2.160000	6.585833
3.904310	2.160000	6.619667
3.904310	2.160000	6.653333
3.905500	2.160000	6.687167
3.906100	2.160000	6.720667
3.906100	2.160000	6.754500
3.906990	2.160000	6.788167
3.906390	2.160000	6.822000
3.907580	2.160000	6.855833
3.907290	2.160000	6.889500
3.908480	2.160000	6.923333
3.908770	2.160000	6.957167
3.908180	2.160000	6.991000
3.909370	2.160000	7.024833
3.909960	2.160000	7.058500
3.909660	2.160000	7.092333
3.909660	2.160000	7.126167
3.909960	2.160000	7.160000
3.912040	2.160000	7.193667
3.911750	2.160000	7.227500
3.910260	2.160000	7.261167
3.912640	2.160000	7.294833
3.910850	2.160000	7.328667
3.913530	2.160000	7.362500
3.913830	2.160000	7.396167
3.913230	2.160000	7.430000
3.915310	2.160000	7.463833
3.913530	2.160000	7.497500
3.913530	2.160000	7.531167
3.915020	2.160000	7.565167
3.914720	2.160000	7.598833
3.915310	2.160000	7.632667
3.915310	2.160000	7.666333
3.916210	2.160000	7.700167
3.917390	2.160000	7.733833
3.917990	2.160000	7.767500
3.917990	2.160000	7.801333
3.917690	2.160000	7.835167
3.919770	2.160000	7.869000
3.917990	2.160000	7.902833
3.918290	2.160000	7.936667
3.918290	2.160000	7.970333
3.920070	2.160000	8.004000
3.919480	2.160000	8.037667
3.919180	2.160000	8.071500
3.920670	2.160000	8.105167
3.920670	2.160000	8.138833
3.920960	2.160000	8.172667
3.922750	2.160000	8.206500
3.922450	2.160000	8.240167
3.921850	2.160000	8.273833
3.922750	2.160000	8.307500
3.922450	2.160000	8.341333
3.923640	2.160000	8.375167
3.923640	2.160000	8.409000
3.924830	2.160000	8.442667
3.925130	2.160000	8.476500
3.925130	2.160000	8.510333
3.926610	2.160000	8.544167
3.926020	2.160000	8.577833
3.926310	2.160000	8.611667
3.926020	2.160000	8.645500
3.927500	2.160000	8.679333
3.927210	2.160000	8.713167
3.928400	2.160000	8.746833
3.927210	2.160000	8.780667
3.928100	2.160000	8.814333
3.928400	2.160000	8.848167
3.929290	2.160000	8.882000
3.928690	2.160000	8.915833
3.929290	2.160000	8.949667
3.930180	2.160000	8.983500
3.930770	2.160000	9.017167
3.929590	2.160000	9.051000
3.931370	2.160000	9.084833
3.931370	2.160000	9.118667
3.931670	2.160000	9.152500
3.932260	2.160000	9.186333
3.933150	2.160000	9.220000
3.933150	2.160000	9.253833
3.932860	2.160000	9.287667
3.933750	2.160000	9.321333
3.934040	2.160000	9.355167
3.934040	2.160000	9.388833
3.933750	2.160000	9.422500
3.935230	2.160000	9.456333
3.935530	2.160000	9.490167
3.936720	2.160000	9.524000
3.935830	2.160000	9.557667
3.936720	2.160000	9.591500
3.937910	2.160000	9.625333
3.937320	2.160000	9.659167
3.937910	2.160000	9.693000
3.937910	2.160000	9.726833
3.937610	2.160000	9.760500
3.938210	2.160000	9.794167
3.938800	2.160000	9.828000
3.937910	2.160000	9.861667
3.939690	2.160000	9.895333
3.940880	2.160000	9.929167
3.939990	2.160000	9.963000
3.940590	2.160000	9.996833
3.942670	2.160000	10.030500
3.941480	2.160000	10.064167
3.942370	2.160000	10.098000
3.942070	2.160000	10.131833
3.942670	2.160000	10.165667
3.943560	2.160000	10.199500
3.942960	2.160000	10.233167
3.942370	2.160000	10.266833
3.943860	2.160000	10.300500
3.944750	2.160000	10.334333
3.944750	2.160000	10.368000
3.944450	2.160000	10.402000
3.946240	2.160000	10.435667
3.946530	2.160000	10.469333
3.947130	2.160000	10.503167
3.946530	2.160000	10.536833
3.947130	2.160000	10.570500
3.947720	2.160000	10.604333
3.948610	2.160000	10.638333
3.948020	2.160000	10.672000
3.948020	2.160000	10.705667
3.948610	2.160000	10.739500
3.949510	2.160000	10.773333
3.949510	2.160000	10.807167
3.949800	2.160000	10.840833
3.950990	2.160000	10.874667
3.950400	2.160000	10.908500
3.950990	2.160000	10.942333
3.952780	2.160000	10.976000
3.952480	2.160000	11.009833
3.952480	2.160000	11.043667
3.952780	2.160000	11.077333
3.952780	2.160000	11.111167
3.953070	2.160000	11.145000
3.953070	2.160000	11.178667
3.953370	2.160000	11.212500
3.953370	2.160000	11.246333
3.954260	2.160000	11.280000
3.955150	2.160000	11.313833
3.955750	2.160000	11.347500
3.956340	2.160000	11.381167
3.956640	2.160000	11.414833
3.957530	2.160000	11.448667
3.956050	2.160000	11.482333
3.956940	2.160000	11.516167
3.956340	2.160000	11.549833
3.957830	2.160000	11.583833
3.957830	2.160000	11.617500
3.958130	2.160000	11.651333
3.958430	2.160000	11.685167
3.959610	2.160000	11.718833
3.958720	2.160000	11.752667
3.960510	2.160000	11.786333
3.961700	2.160000	11.820167
3.960800	2.160000	11.854000
3.961100	2.160000	11.887667
3.962290	2.160000	11.921500
3.962590	2.160000	11.955167
3.961400	2.160000	11.988833
3.963480	2.160000	12.022500
3.961990	2.160000	12.056333
3.962590	2.160000	12.090167
3.962880	2.160000	12.123833
3.963780	2.160000	12.157833
3.965260	2.160000	12.191500
3.964970	2.160000	12.225333
3.964970	2.160000	12.259000
3.966160	2.160000	12.292667
3.966750	2.160000	12.326167
3.965560	2.160000	12.360000
3.965860	2.160000	12.393833
3.967050	2.160000	12.427667
3.966450	2.160000	12.461333
3.965860	2.160000	12.495000
3.967640	2.160000	12.528833
3.969430	2.160000	12.562667
3.968830	2.160000	12.596500
3.970320	2.160000	12.630167
3.969130	2.160000	12.664000
3.970910	2.160000	12.697667
3.970320	2.160000	12.731333
3.971210	2.160000	12.765167
3.972400	2.160000	12.798833
3.971800	2.160000	12.832667
3.971510	2.160000	12.866333
3.972400	2.160000	12.900167
3.971800	2.160000	12.933833
3.972400	2.160000	12.967667
3.973290	2.160000	13.001500
3.974180	2.160000	13.035333
3.974180	2.160000	13.069167
3.975080	2.160000	13.103167
3.975370	2.160000	13.136833
3.976260	2.160000	13.170667
3.975370	2.160000	13.204500
3.975370	2.160000	13.238333
3.975970	2.160000	13.272167
3.977160	2.160000	13.306000
3.975970	2.160000	13.339667
3.977160	2.160000	13.373667
3.978050	2.160000	13.407333
3.977750	2.160000	13.441167
3.979830	2.160000	13.475000
3.978350	2.160000	13.508667
3.979240	2.160000	13.542667
3.980130	2.160000	13.576500
3.980130	2.160000	13.610333
3.980720	2.160000	13.644000
3.980720	2.160000	13.677833
3.981320	2.160000	13.711500
3.981320	2.160000	13.745167
3.982510	2.160000	13.779000
3.981910	2.160000	13.812833
3.982810	2.160000	13.846667
3.983400	2.160000	13.880333
3.983990	2.160000	13.914167
3.985180	2.160000	13.947833
3.984590	2.160000	13.981667
3.984890	2.160000	14.015500
3.986080	2.160000	14.049333
3.985180	2.160000	14.082833
3.985780	2.160000	14.116500
3.985780	2.160000	14.150333
3.986370	2.160000	14.184167
3.987560	2.160000	14.217667
3.986970	2.160000	14.251500
3.988450	2.160000	14.285333
3.988450	2.160000	14.319000
3.988160	2.160000	14.352833
3.989350	2.160000	14.386833
3.989050	2.160000	14.420500
3.990540	2.160000	14.454333
3.990240	2.160000	14.488000
3.989940	2.160000	14.521833
3.991130	2.160000	14.555667
3.991730	2.160000	14.589333
3.992620	2.160000	14.623167
3.992620	2.160000	14.657000
3.991730	2.160000	14.690667
3.992620	2.160000	14.724500
3.992620	2.160000	14.758333
3.994400	2.160000	14.792167
3.994100	2.160000	14.826000
3.994400	2.160000	14.859833
3.995890	2.160000	14.893833
3.994400	2.160000	14.927500
3.995590	2.160000	14.961333
3.995890	2.160000	14.995167
3.995890	2.160000	15.029000
3.997080	2.160000	15.062833
3.996780	2.160000	15.096667
3.998560	2.160000	15.130333
3.997970	2.160000	15.164000
3.999460	2.160000	15.197667
3.998270	2.160000	15.231500
4.000050	2.160000	15.265333
4.000640	2.160000	15.299000
3.999750	2.160000	15.332667
4.001240	2.160000	15.366500
3.999460	2.160000	15.400333
4.000640	2.160000	15.434000
4.001240	2.160000	15.467833
4.000640	2.160000	15.501333
4.001540	2.160000	15.535167
4.002430	2.160000	15.569000
4.003320	2.160000	15.602667
4.004210	2.160000	15.636500
4.003920	2.160000	15.670167
4.003920	2.160000	15.704000
4.003920	2.160000	15.737833
4.005700	2.160000	15.771500
4.003920	2.160000	15.805333
4.004810	2.160000	15.839000
4.006290	2.160000	15.872667
4.006290	2.160000	15.906500
4.006290	2.160000	15.940333
4.007480	2.160000	15.974167
4.008670	2.160000	16.008000
4.007480	2.160000	16.041667
4.008670	2.160000	16.075333
4.009560	2.160000	16.108833
4.009560	2.160000	16.142667
4.010160	2.160000	16.176500
4.008370	2.160000	16.210167
4.009270	2.160000	16.244000
4.010460	2.160000	16.277667
4.010460	2.160000	16.311333
4.010750	2.160000	16.345167
4.011940	2.160000	16.378833
4.013130	2.160000	16.412667
4.012540	2.160000	16.446167
4.012540	2.160000	16.480167
4.014020	2.160000	16.513833
4.013430	2.160000	16.547667
4.014020	2.160000	16.581333
4.015810	2.160000	16.615333
4.014920	2.160000	16.649000
4.014920	2.160000	16.682667
4.014920	2.160000	16.716333
4.014920	2.160000	16.750000
4.017590	2.160000	16.783833
4.016400	2.160000	16.817500
4.018190	2.160000	16.851333
4.018190	2.160000	16.885000
4.017890	2.160000	16.918667
4.018480	2.160000	16.952333
4.017590	2.160000	16.986167
4.019970	2.160000	17.019833
4.018780	2.160000	17.053500
4.019670	2.160000	17.087333
4.020270	2.160000	17.121167
4.019970	2.160000	17.154833
4.021160	2.160000	17.188500
4.021160	2.160000	17.222333
4.023540	2.160000	17.256333
4.023240	2.160000	17.290167
4.023840	2.160000	17.324000
4.023840	2.160000	17.357667
4.023840	2.160000	17.391500
4.023840	2.160000	17.425167
4.023540	2.160000	17.458833
4.025620	2.160000	17.492667
4.025620	2.160000	17.526500
4.025320	2.160000	17.560333
4.024130	2.160000	17.594000
4.026510	2.160000	17.627833
4.027400	2.160000	17.661667
4.026510	2.160000	17.695333
4.027110	2.160000	17.729167
4.027700	2.160000	17.763167
4.027700	2.160000	17.796833
4.028590	2.160000	17.830667
4.028590	2.160000	17.864500
4.029190	2.160000	17.898167
4.028590	2.160000	17.931833
4.030080	2.160000	17.965667
4.029190	2.160000	17.999333
4.030380	2.160000	18.033167
4.031860	2.160000	18.066833
4.033350	2.160000	18.100667
4.031860	2.160000	18.134167
4.032160	2.160000	18.168000
4.033650	2.160000	18.201833
4.033050	2.160000	18.235500
4.032460	2.160000	18.269333
4.033650	2.160000	18.303000
4.034240	2.160000	18.336667
4.033650	2.160000	18.370333
4.034240	2.160000	18.404000
4.035730	2.160000	18.437833
4.036030	2.160000	18.471500
4.036320	2.160000	18.505167
4.036620	2.160000	18.539000
4.037210	2.160000	18.572833
4.037510	2.160000	18.606500
4.038110	2.160000	18.640333
4.037210	2.160000	18.674333
4.039590	2.160000	18.708000
4.037810	2.160000	18.741833
4.038400	2.160000	18.775500
4.039000	2.160000	18.809167
4.039590	2.160000	18.843000
4.039300	2.160000	18.876667
4.041080	2.160000	18.910500
4.042270	2.160000	18.944167
4.041380	2.160000	18.977833
4.041670	2.160000	19.011667
4.042270	2.160000	19.045333
4.042570	2.160000	19.079167
4.042860	2.160000	19.113000
4.043760	2.160000	19.146833
4.042860	2.160000	19.180500
4.043760	2.160000	19.214333
4.044950	2.160000	19.248167
4.045540	2.160000	19.282000
4.045840	2.160000	19.315667
4.044950	2.160000	19.349500
4.046130	2.160000	19.383167
4.046730	2.160000	19.417167
4.047030	2.160000	19.450667
4.047030	2.160000	19.484500
4.047320	2.160000	19.518333
4.047620	2.160000	19.552167
4.047920	2.160000	19.585833
4.048510	2.160000	19.619667
4.048510	2.160000	19.653333
4.049410	2.160000	19.687167
4.050300	2.160000	19.721000
4.050590	2.160000	19.754667
4.051490	2.160000	19.788333
4.052080	2.160000	19.822000
4.052080	2.160000	19.855833
4.052380	2.160000	19.889500
4.050300	2.160000	19.923167
4.052380	2.160000	19.957000
4.052080	2.160000	19.990667
4.053270	2.160000	20.024500
4.052680	2.160000	20.058167
4.054160	2.160000	20.091833
4.054460	2.160000	20.125667
4.055950	2.160000	20.159500
4.054160	2.160000	20.193167
4.055950	2.160000	20.227000
4.055950	2.160000	20.260667
4.056540	2.160000	20.294500
4.057730	2.160000	20.328167
4.056540	2.160000	20.361833
4.057430	2.160000	20.395500
4.057730	2.160000	20.429500
4.058320	2.160000	20.463167
4.059510	2.160000	20.497000
4.059810	2.160000	20.530667
4.058920	2.160000	20.564500
4.060110	2.160000	20.598167
4.059810	2.160000	20.631833
4.060410	2.160000	20.665500
4.063380	2.160000	20.699167
4.061890	2.160000	20.733167
4.061890	2.160000	20.766833
4.061890	2.160000	20.800667
4.061600	2.160000	20.834500
4.063080	2.160000	20.868333
4.063080	2.160000	20.902000
4.063380	2.160000	20.935833
4.063970	2.160000	20.969500
4.065460	2.160000	21.003500
4.064870	2.160000	21.037167
4.065160	2.160000	21.070833
4.065760	2.160000	21.104500
4.066350	2.160000	21.138333
4.066060	2.160000	21.172000
4.067540	2.160000	21.205833
4.067540	2.160000	21.239667
4.068140	2.160000	21.273500
4.069030	2.160000	21.307333
4.067840	2.160000	21.341167
4.068730	2.160000	21.375000
4.069920	2.160000	21.408667
4.071110	2.160000	21.442500
4.070510	2.160000	21.476333
4.071410	2.160000	21.509833
4.071700	2.160000	21.543667
4.070810	2.160000	21.577333
4.071700	2.160000	21.611167
4.071410	2.160000	21.645000
4.072890	2.160000	21.678833
4.072000	2.160000	21.712500
4.073190	2.160000	21.746333
4.073790	2.160000	21.780000
4.073190	2.160000	21.813667
4.075270	2.160000	21.847333
4.074680	2.160000	21.881167
4.075570	2.160000	21.915000
4.075270	2.160000	21.948833
4.076160	2.160000	21.982500
4.076460	2.160000	22.016333
4.076760	2.160000	22.050167
4.077350	2.160000	22.083833
4.078250	2.160000	22.117500
4.078540	2.160000	22.151333
4.079430	2.160000	22.185000
4.079140	2.160000	22.219000
4.079430	2.160000	22.252667
4.079430	2.160000	22.286500
4.080330	2.160000	22.320167
4.080920	2.160000	22.353833
4.080620	2.160000	22.387667
4.081220	2.160000	22.421500
4.081220	2.160000	22.455000
4.081520	2.160000	22.488667
4.083000	2.160000	22.522333
4.082700	2.160000	22.556167
4.081810	2.160000	22.590000
4.083300	2.160000	22.624000
4.084190	2.160000	22.657667
4.085380	2.160000	22.691333
4.084490	2.160000	22.725000
4.084790	2.160000	22.758833
4.085080	2.160000	22.792500
4.086570	2.160000	22.826167
4.087160	2.160000	22.859833
4.086870	2.160000	22.893667
4.085680	2.160000	22.927500
4.087760	2.160000	22.961167
4.086570	2.160000	22.995000
4.089250	2.160000	23.028667
4.088350	2.160000	23.062500
4.089250	2.160000	23.096333
4.089540	2.160000	23.130000
4.090140	2.160000	23.163667
4.089840	2.160000	23.197333
4.090140	2.160000	23.231000
4.090730	2.160000	23.264667
4.090140	2.160000	23.298333
4.091920	2.160000	23.332000
4.091620	2.160000	23.365667
4.092220	2.160000	23.399500
4.092810	2.160000	23.433167
4.092810	2.160000	23.466833
4.094000	2.160000	23.500667
4.095490	2.160000	23.534500
4.094000	2.160000	23.568167
4.094900	2.160000	23.601833
4.094000	2.160000	23.635667
4.095790	2.160000	23.669333
4.095190	2.160000	23.703167
4.095490	2.160000	23.737000
4.096380	2.160000	23.770667
4.096680	2.160000	23.804333
4.096980	2.160000	23.838000
4.099060	2.160000	23.871833
4.098460	2.160000	23.905500
4.098170	2.160000	23.939333
4.098170	2.160000	23.973167
4.098460	2.160000	24.007000
4.099950	2.160000	24.040667
4.100540	2.150000	24.074167
4.100250	2.160000	24.108000
4.100250	2.150000	24.141833
4.099060	2.160000	24.175667
4.100540	2.140000	24.209333
4.100250	2.140000	24.243000
4.101140	2.140000	24.276833
4.101140	2.130000	24.310667
4.099950	2.130000	24.344333
4.102330	2.130000	24.378167
4.101140	2.120000	24.411833
4.100250	2.120000	24.445667
4.098170	2.140000	24.479500
4.099060	2.130000	24.513333
4.099060	2.120000	24.547000
4.099350	2.120000	24.580833
4.099950	2.110000	24.614667
4.099060	2.110000	24.648500
4.100250	2.100000	24.682167
4.099950	2.110000	24.715833
4.099650	2.100000	24.749500
4.098170	2.100000	24.783333
4.100840	2.090000	24.817333
4.099350	2.090000	24.851000
4.099950	2.080000	24.884667
4.100250	2.080000	24.918500
4.099650	2.090000	24.952167
4.098760	2.090000	24.986167
4.101730	2.070000	25.019833
4.099650	2.080000	25.053667
4.101140	2.070000	25.087500
4.101140	2.070000	25.121167
4.100250	2.070000	25.155000
4.099650	2.060000	25.188667
4.100540	2.060000	25.222333
4.100250	2.060000	25.256333
4.100250	2.060000	25.290167
4.100540	2.060000	25.324000
4.099950	2.050000	25.357667
4.099950	2.050000	25.391333
4.100840	2.050000	25.425167
4.100540	2.030000	25.458833
4.099650	2.040000	25.492667
4.100250	2.030000	25.526333
4.100250	2.030000	25.560167
4.101730	2.030000	25.593833
4.100540	2.020000	25.627500
4.098460	2.030000	25.661333
4.101440	2.020000	25.695000
4.100250	2.020000	25.728833
4.100840	2.010000	25.762500
4.099950	2.020000	25.796167
4.100540	2.010000	25.830000
4.102030	2.010000	25.863833
4.100840	2.010000	25.897500
4.100540	2.000000	25.931500
4.100540	2.000000	25.965167
4.101140	2.000000	25.998833
4.100540	2.000000	26.032500
4.098760	2.000000	26.066167
4.100540	1.990000	26.099833
4.100540	1.990000	26.133667
4.100540	1.990000	26.167333
4.099650	1.980000	26.201167
4.100540	1.980000	26.235000
4.100840	1.970000	26.268667
4.100840	1.970000	26.302333
4.100840	1.970000	26.336000
4.099950	1.970000	26.369833
4.099650	1.960000	26.403500
4.100250	1.960000	26.437333
4.100540	1.960000	26.471000
4.098760	1.970000	26.504667
4.101140	1.960000	26.538333
4.099060	1.960000	26.572000
4.099950	1.950000	26.605500
4.101140	1.940000	26.639333
4.100540	1.950000	26.673000
4.098460	1.960000	26.706833
4.101730	1.940000	26.740500
4.100540	1.940000	26.774333
4.100250	1.940000	26.807833
4.100840	1.940000	26.841667
4.098460	1.940000	26.875500
4.099650	1.930000	26.909333
4.099060	1.940000	26.943167
4.100840	1.920000	26.977000
4.100840	1.920000	27.010667
4.101730	1.900000	27.044500
4.099650	1.920000	27.078333
4.099950	1.910000	27.112000
4.098170	1.920000	27.145667
4.098760	1.910000	27.179667
4.100250	1.910000	27.213333
4.100840	1.900000	27.247167
4.099650	1.900000	27.281000
4.101730	1.890000	27.314833
4.099060	1.890000	27.348667
4.099350	1.890000	27.382333
4.099950	1.890000	27.416167
4.098760	1.890000	27.450000
4.100250	1.890000	27.483667
4.100250	1.880000	27.517333
4.099950	1.890000	27.551000
4.099060	1.880000	27.584833
4.099950	1.880000	27.618500
4.100540	1.870000	27.652167
4.099650	1.860000	27.685833
4.099650	1.860000	27.719667
4.100840	1.860000	27.753333
4.101140	1.860000	27.787167
4.099650	1.860000	27.820833
4.100250	1.860000	27.854833
4.097870	1.860000	27.888500
4.097570	1.860000	27.922333
4.101440	1.850000	27.956000
4.099350	1.850000	27.989833
4.099950	1.840000	28.023667
4.099350	1.840000	28.057333
4.100250	1.840000	28.091167
4.098760	1.840000	28.124833
4.099950	1.840000	28.158500
4.100540	1.830000	28.192500
4.098760	1.840000	28.226167
4.099350	1.830000	28.260000
4.101140	1.830000	28.293833
4.100840	1.830000	28.327667
4.100540	1.820000	28.361667
4.100250	1.820000	28.395333
4.100540	1.820000	28.429000
4.100540	1.810000	28.463000
4.100540	1.810000	28.496667
4.100840	1.800000	28.530500
4.099950	1.800000	28.564333
4.099950	1.800000	28.598000
4.099650	1.800000	28.631667
4.101730	1.790000	28.665500
4.099060	1.790000	28.699167
4.098760	1.790000	28.733167
4.100250	1.790000	28.766833
4.100250	1.780000	28.800667
4.099950	1.780000	28.834333
4.100540	1.790000	28.868167
4.098460	1.790000	28.901833
4.101140	1.780000	28.935500
4.100840	1.780000	28.969333
4.100540	1.770000	29.003000
4.102030	1.770000	29.036667
4.099350	1.770000	29.070333
4.100250	1.770000	29.104000
4.099950	1.770000	29.137833
4.099650	1.770000	29.171500
4.099950	1.770000	29.205167
4.099060	1.760000	29.239000
4.099950	1.760000	29.272833
4.100540	1.750000	29.306667
4.100540	1.750000	29.340333
4.100250	1.740000	29.374167
4.101440	1.730000	29.408000
4.099650	1.740000	29.441833
4.100840	1.730000	29.475667
4.099950	1.730000	29.509333
4.099650	1.730000	29.543333
4.099950	1.730000	29.577167
4.100540	1.730000	29.610833
4.100250	1.730000	29.644833
4.100840	1.720000	29.678500
4.101140	1.720000	29.712167
4.100250	1.730000	29.745833
4.097870	1.730000	29.779500
4.101730	1.720000	29.813333
4.099950	1.710000	29.847000
4.098760	1.720000	29.880833
4.099950	1.710000	29.914667
4.098460	1.720000	29.948333
4.100250	1.710000	29.982167
4.100540	1.710000	30.015833
4.100250	1.700000	30.049667
4.101140	1.700000	30.083333
4.100540	1.690000	30.117167
4.100540	1.690000	30.150833
4.099950	1.700000	30.184667
4.099350	1.700000	30.218167
4.099650	1.680000	30.251833
4.100250	1.680000	30.285500
4.099650	1.680000	30.319333
4.100540	1.670000	30.353000
4.099350	1.680000	30.386667
4.100540	1.670000	30.420333
4.100540	1.670000	30.454167
4.101140	1.660000	30.487833
4.099060	1.670000	30.521667
4.099350	1.670000	30.555333
4.098760	1.670000	30.589000
4.098460	1.670000	30.622667
4.099350	1.670000	30.656333
4.099060	1.660000	30.690167
4.101730	1.650000	30.723833
4.100540	1.650000	30.757667
4.100250	1.650000	30.791500
4.100540	1.650000	30.825167
4.100250	1.650000	30.858833
4.099650	1.640000	30.892667
4.099650	1.650000	30.926500
4.099350	1.640000	30.960167
4.100250	1.630000	30.994000
4.100250	1.630000	31.027833
4.099350	1.630000	31.061500
4.099060	1.630000	31.095167
4.099950	1.620000	31.129000
4.101140	1.620000	31.162667
4.099650	1.620000	31.196500
4.099350	1.620000	31.230167
4.100250	1.610000	31.264000
4.101440	1.610000	31.297667
4.099950	1.610000	31.331500
4.099950	1.610000	31.365167
4.099650	1.620000	31.399167
4.099350	1.610000	31.433000
4.099350	1.610000	31.466667
4.099350	1.610000	31.500500
4.099060	1.600000	31.534333
4.100840	1.600000	31.568167
4.100840	1.600000	31.602000
4.100250	1.600000	31.635833
4.099950	1.590000	31.669667
4.101140	1.590000	31.703333
4.100840	1.590000	31.737167
4.100250	1.590000	31.771000
4.101140	1.580000	31.804667
4.100250	1.580000	31.838667
4.100540	1.580000	31.872500
4.099350	1.580000	31.906167
4.100540	1.560000	31.940000
4.098760	1.570000	31.973667
4.099950	1.560000	32.007333
4.098460	1.570000	32.041000
4.100540	1.560000	32.074667
4.099650	1.560000	32.108500
4.099650	1.560000	32.142000
4.100540	1.550000	32.175833
4.100540	1.550000	32.209500
4.101140	1.550000	32.243167
4.101440	1.550000	32.277000
4.100250	1.550000	32.310833
4.099650	1.540000	32.344500
4.100540	1.540000	32.378333
4.099950	1.550000	32.412167
4.099650	1.540000	32.446000
4.100540	1.540000	32.479833
4.100540	1.540000	32.513667
4.100540	1.540000	32.547333
4.101440	1.540000	32.581167
4.100250	1.530000	32.614833
4.100840	1.520000	32.648667
4.100250	1.530000	32.682333
4.099650	1.530000	32.716167
4.100250	1.520000	32.749833
4.101140	1.510000	32.783667
4.101440	1.520000	32.817333
4.099350	1.520000	32.851167
4.100840	1.500000	32.885000
4.100840	1.510000	32.918667
4.100250	1.500000	32.952333
4.099950	1.500000	32.986000
4.100540	1.500000	33.020000
4.100540	1.490000	33.053833
4.101440	1.490000	33.087500
4.101140	1.490000	33.121333
4.099650	1.490000	33.155000
4.099350	1.490000	33.188667
4.101440	1.480000	33.222333
4.099650	1.490000	33.256167
4.100840	1.480000	33.289833
4.099950	1.490000	33.323667
4.098170	1.490000	33.357333
4.099060	1.490000	33.391000
4.099650	1.480000	33.424833
4.101140	1.470000	33.458500
4.099060	1.480000	33.492167
4.100840	1.480000	33.526000
4.100540	1.470000	33.559833
4.098460	1.480000	33.593500
4.098760	1.480000	33.627333
4.101140	1.460000	33.661000
4.099350	1.470000	33.694833
4.099350	1.470000	33.728667
4.099060	1.460000	33.762500
4.098460	1.460000	33.796333
4.100840	1.450000	33.830000
4.100540	1.440000	33.863667
4.099950	1.450000	33.897500
4.099650	1.440000	33.931333
4.100540	1.440000	33.965167
4.099650	1.440000	33.998833
4.099650	1.430000	34.032667
4.099650	1.440000	34.066167
4.099950	1.430000	34.099833
4.099350	1.440000	34.133333
4.100540	1.430000	34.167167
4.100540	1.430000	34.200833
4.099060	1.430000	34.234667
4.099650	1.420000	34.268167
4.100250	1.430000	34.302000
4.099950	1.420000	34.335667
4.100250	1.420000	34.369333
4.098460	1.430000	34.403167
4.099350	1.420000	34.436833
4.098760	1.420000	34.470667
4.098760	1.420000	34.504333
4.099350	1.420000	34.538167
4.100840	1.410000	34.571833
4.100840	1.410000	34.605667
4.098460	1.400000	34.639333
4.101140	1.390000	34.673167
4.100250	1.390000	34.706833
4.100540	1.400000	34.740667
4.099950	1.390000	34.774500
4.100840	1.390000	34.808167
4.101440	1.380000	34.842000
4.098760	1.390000	34.875833
4.099350	1.380000	34.909667
4.099650	1.380000	34.943500
4.099950	1.380000	34.977167
4.100540	1.380000	35.010833
4.100540	1.370000	35.044500
4.098760	1.380000	35.078167
4.099950	1.380000	35.112167
4.100540	1.370000	35.146000
4.099950	1.380000	35.179667
4.099950	1.370000	35.213500
4.099950	1.370000	35.247333
4.099650	1.370000	35.281167
4.098170	1.370000	35.315000
4.101140	1.350000	35.348667
4.100540	1.360000	35.382333
4.100840	1.360000	35.416167
4.100540	1.360000	35.449667
4.099060	1.360000	35.483500
4.100250	1.350000	35.517333
4.100840	1.350000	35.551167
4.100840	1.350000	35.584833
4.100250	1.350000	35.618500
4.100250	1.350000	35.652333
4.101140	1.350000	35.686000
4.101440	1.330000	35.719667
4.100250	1.340000	35.753500
4.100250	1.330000	35.787167
4.100250	1.330000	35.820833
4.100540	1.320000	35.854667
4.100250	1.320000	35.888500
4.100250	1.320000	35.922333
4.100250	1.320000	35.956000
4.100250	1.320000	35.989500
4.099060	1.330000	36.023333
4.099350	1.320000	36.057167
4.100840	1.320000	36.091000
4.099350	1.310000	36.124833
4.100250	1.310000	36.158667
4.099650	1.310000	36.192500
4.099650	1.310000	36.226167
4.099650	1.310000	36.260167
4.100840	1.300000	36.293833
4.100540	1.300000	36.327500
4.099950	1.300000	36.361333
4.100840	1.300000	36.395000
4.100250	1.300000	36.428833
4.098760	1.300000	36.462500
4.099060	1.300000	36.496167
4.100250	1.300000	36.530000
4.099060	1.290000	36.564000
4.100840	1.290000	36.597833
4.100840	1.290000	36.631667
4.100840	1.290000	36.665500
4.100540	1.280000	36.699333
4.100540	1.280000	36.733000
4.099060	1.290000	36.766833
4.099650	1.270000	36.800667
4.098460	1.280000	36.834500
4.100540	1.260000	36.868167
4.100250	1.270000	36.901833
4.099950	1.270000	36.935667
4.101140	1.260000	36.969167
4.101440	1.250000	37.003000
4.099350	1.260000	37.036833
4.099650	1.260000	37.070667
4.099950	1.260000	37.104333
4.100250	1.250000	37.138000
4.099950	1.260000	37.171500
4.100540	1.250000	37.205333
4.100250	1.250000	37.239167
4.099060	1.250000	37.273000
4.101140	1.250000	37.306667
4.098760	1.260000	37.340500
4.099650	1.240000	37.374167
4.099650	1.250000	37.408000
4.100250	1.240000	37.441667
4.099950	1.240000	37.475333
4.100540	1.240000	37.509167
4.099950	1.240000	37.543000
4.100840	1.240000	37.576833
4.099060	1.240000	37.610500
4.099650	1.230000	37.644167
4.100250	1.230000	37.678000
4.098170	1.230000	37.711500
4.099350	1.230000	37.745333
4.101140	1.230000	37.779167
4.100840	1.220000	37.813000
4.100540	1.210000	37.846667
4.098760	1.220000	37.880333
4.099350	1.210000	37.914333
4.099650	1.210000	37.948167
4.101140	1.210000	37.981833
4.099650	1.210000	38.015667
4.100250	1.200000	38.049500
4.099350	1.200000	38.083333
4.100250	1.200000	38.117000
4.101440	1.190000	38.150833
4.099060	1.200000	38.184667
4.100540	1.190000	38.218500
4.100540	1.190000	38.252167
4.099650	1.190000	38.285833
4.100840	1.190000	38.319500
4.099950	1.190000	38.353167
4.099650	1.190000	38.387000
4.100840	1.180000	38.420667
4.100540	1.190000	38.454500
4.099950	1.190000	38.488167
4.100250	1.190000	38.522000
4.100250	1.180000	38.555833
4.101140	1.180000	38.589500
4.099950	1.180000	38.623333
4.099950	1.180000	38.657167
4.099650	1.170000	38.691000
4.101140	1.170000	38.724667
4.100840	1.170000	38.758500
4.099950	1.170000	38.792000
4.099950	1.170000	38.825833
4.099650	1.160000	38.859667
4.100540	1.160000	38.893500
4.100840	1.160000	38.927167
4.100840	1.160000	38.960833
4.099950	1.150000	38.994667
4.100250	1.150000	39.028333
4.100840	1.140000	39.062167
4.099650	1.140000	39.095667
4.099950	1.150000	39.129500
4.099950	1.140000	39.163333
4.099350	1.140000	39.197000
4.100250	1.140000	39.230667
4.099950	1.140000	39.264500
4.099650	1.140000	39.298333
4.100250	1.130000	39.332167
4.099650	1.140000	39.365833
4.100540	1.130000	39.399667
4.102030	1.130000	39.433333
4.099950	1.130000	39.467167
4.099650	1.130000	39.501000
4.100250	1.130000	39.534667
4.100840	1.120000	39.568500
4.100250	1.120000	39.602333
4.099650	1.130000	39.636000
4.100540	1.120000	39.669667
4.100540	1.120000	39.703500
4.099950	1.120000	39.737333
4.100250	1.120000	39.771000
4.099950	1.120000	39.804833
4.100540	1.120000	39.838667
4.099950	1.120000	39.872500
4.100250	1.120000	39.906167
4.099650	1.110000	39.940000
4.099950	1.100000	39.973667
4.099650	1.110000	40.007333
4.100250	1.100000	40.041000
4.099350	1.100000	40.074833
4.099950	1.100000	40.108500
4.100540	1.090000	40.142167
4.099950	1.090000	40.175833
4.101730	1.090000	40.209500
4.100540	1.080000	40.243167
4.101140	1.080000	40.277000
4.099950	1.080000	40.310833
4.099650	1.080000	40.344500
4.101730	1.070000	40.378167
4.100250	1.080000	40.412000
4.099650	1.080000	40.445667
4.099950	1.080000	40.479500
4.100250	1.070000	40.513167
4.100540	1.070000	40.546833
4.099650	1.070000	40.580667
4.101140	1.060000	40.614333
4.100250	1.070000	40.648333
4.099650	1.070000	40.682000
4.100250	1.060000	40.715833
4.099950	1.070000	40.749500
4.100540	1.060000	40.783167
4.098760	1.070000	40.817000
4.099060	1.070000	40.850667
4.100540	1.060000	40.884333
4.100540	1.060000	40.918000
4.100540	1.060000	40.951833
4.099650	1.060000	40.985667
4.099950	1.060000	41.019500
4.099950	1.060000	41.053333
4.099950	1.050000	41.087000
4.101140	1.050000	41.120833
4.101140	1.040000	41.154500
4.100250	1.050000	41.188167
4.100840	1.040000	41.221833
4.101140	1.040000	41.255667
4.099350	1.040000	41.289333
4.100540	1.040000	41.323000
4.099650	1.040000	41.356833
4.100250	1.030000	41.390500
4.100250	1.030000	41.424333
4.101140	1.030000	41.458000
4.099060	1.030000	41.491833
4.100540	1.020000	41.525500
4.100250	1.020000	41.559333
4.099350	1.020000	41.593000
4.098760	1.020000	41.626833
4.100840	1.020000	41.660500
4.099650	1.020000	41.694333
4.099950	1.020000	41.728000
4.099650	1.020000	41.761833
4.099350	1.010000	41.795667
4.101440	1.010000	41.829333
4.099650	1.010000	41.863333
4.100250	1.010000	41.897000
4.100250	1.010000	41.930667
4.100540	1.000000	41.964500
4.100250	1.000000	41.998333
4.100540	1.000000	42.032000
4.098760	1.010000	42.065833
4.100840	1.000000	42.099667
4.099950	1.000000	42.133500
4.101140	0.990000	42.167333
4.099950	1.000000	42.201000
4.099950	1.000000	42.234833
4.100540	1.000000	42.268667
4.100540	1.000000	42.302333
4.098170	1.000000	42.336333
4.099350	0.990000	42.370167
4.100840	0.990000	42.404000
4.099950	0.990000	42.437833
4.100250	0.990000	42.471667
4.099650	0.990000	42.505167
4.100540	0.980000	42.538833
4.100540	0.990000	42.572667
4.101140	0.980000	42.606500
4.100540	0.980000	42.640333
4.100250	0.970000	42.674000
4.100540	0.970000	42.707833
4.099950	0.970000	42.741833
4.099950	0.960000	42.775667
4.099650	0.970000	42.809333
4.099060	0.970000	42.843167
4.100540	0.960000	42.877000
4.100250	0.960000	42.910833
4.101730	0.950000	42.944500
4.100540	0.960000	42.978167
4.100250	0.960000	43.011833
4.099060	0.960000	43.045667
4.099650	0.950000	43.079333
4.100540	0.950000	43.113167
4.100840	0.950000	43.146833
4.100540	0.950000	43.180667
4.099060	0.950000	43.214333
4.099650	0.950000	43.248167
4.101440	0.940000	43.282000
4.099650	0.950000	43.315667
4.101140	0.940000	43.349333
4.101140	0.940000	43.383167
4.099650	0.950000	43.416833
4.100250	0.940000	43.450667
4.100540	0.940000	43.484333
4.099950	0.940000	43.518167
4.099650	0.940000	43.551833
4.100540	0.930000	43.585667
4.101730	0.930000	43.619333
4.100540	0.930000	43.653000
4.100250	0.930000	43.686667
4.101140	0.920000	43.720500
4.100540	0.930000	43.754167
4.099060	0.930000	43.788000
4.100540	0.920000	43.821833
4.098460	0.920000	43.855500
4.100250	0.920000	43.889333
4.100540	0.910000	43.923333
4.101730	0.910000	43.957000
4.099950	0.910000	43.990667
4.100840	0.910000	44.024333
4.099350	0.910000	44.058167
4.100250	0.910000	44.092000
4.099950	0.900000	44.125833
4.099060	0.910000	44.159500
4.099950	0.900000	44.193333
4.099650	0.900000	44.227000
4.102330	0.890000	44.260833
4.100250	0.900000	44.294667
4.101730	0.900000	44.328333
4.100250	0.900000	44.362167
4.099650	0.900000	44.396000
4.099060	0.900000	44.429667
4.099650	0.890000	44.463333
4.099650	0.890000	44.497167
4.099950	0.890000	44.531000
4.099350	0.890000	44.564667
4.098170	0.890000	44.598333
4.099650	0.890000	44.632167
4.099650	0.890000	44.665833
4.099950	0.890000	44.699500
4.100250	0.880000	44.733333
4.100250	0.880000	44.767167
4.100540	0.880000	44.801000
4.099650	0.880000	44.834833
4.099650	0.880000	44.868500
4.099950	0.880000	44.902167
4.100540	0.870000	44.936000
4.100540	0.880000	44.969833
4.099650	0.880000	45.003667
4.100540	0.870000	45.037500
4.100540	0.880000	45.071167
4.100250	0.870000	45.104833
4.099950	0.870000	45.138667
4.099650	0.870000	45.172333
4.101140	0.860000	45.206167
4.100250	0.870000	45.239833
4.100840	0.860000	45.273667
4.099950	0.870000	45.307167
4.099950	0.860000	45.341000
4.099950	0.850000	45.374667
4.098760	0.860000	45.408500
4.099650	0.860000	45.442333
4.099650	0.850000	45.476167
4.099350	0.850000	45.510000
4.099950	0.850000	45.543667
4.100250	0.840000	45.577500
4.100250	0.840000	45.611333
4.100840	0.840000	45.645000
4.099650	0.850000	45.678833
4.100250	0.850000	45.712500
4.099350	0.840000	45.746167
4.099950	0.840000	45.780000
4.099950	0.840000	45.813667
4.099650	0.830000	45.847667
4.099650	0.840000	45.881333
4.100250	0.830000	45.915000
4.099950	0.840000	45.948667
4.101140	0.830000	45.982500
4.100250	0.830000	46.016000
4.100840	0.820000	46.049667
4.098460	0.830000	46.083500
4.099350	0.830000	46.117167
4.100540	0.830000	46.150833
4.099650	0.830000	46.184500
4.099650	0.830000	46.218333
4.100540	0.820000	46.252000
4.099650	0.820000	46.285667
4.101140	0.820000	46.319333
4.100250	0.820000	46.353167
4.099950	0.830000	46.386833
4.100540	0.820000	46.420667
4.099950	0.810000	46.454333
4.100250	0.820000	46.488167
4.100250	0.820000	46.522000
4.100250	0.820000	46.555500
4.098760	0.820000	46.589333
4.100540	0.810000	46.623000
4.100250	0.820000	46.656667
4.099950	0.810000	46.690333
4.099950	0.810000	46.724000
4.099650	0.810000	46.757667
4.100840	0.800000	46.791333
4.100250	0.810000	46.825000
4.100540	0.800000	46.858833
4.100540	0.800000	46.892667
4.099950	0.790000	46.926333
4.099650	0.790000	46.960167
4.101440	0.790000	46.994000
4.100250	0.790000	47.027833
4.100250	0.790000	47.061500
4.099650	0.790000	47.095333
4.099650	0.790000	47.129000
4.099950	0.790000	47.162667
4.100840	0.780000	47.196500
4.099650	0.780000	47.230167
4.100540	0.780000	47.263833
4.099950	0.780000	47.297667
4.099650	0.780000	47.331500
4.099950	0.780000	47.365167
4.099950	0.780000	47.399000
4.100840	0.770000	47.432833
4.100540	0.770000	47.466500
4.099950	0.770000	47.500167
4.100250	0.770000	47.533833
4.099650	0.770000	47.567667
4.100250	0.770000	47.601333
4.101140	0.770000	47.635000
4.099650	0.770000	47.668667
4.100540	0.770000	47.702500
4.099650	0.770000	47.736167
4.099650	0.770000	47.769833
4.100250	0.770000	47.803500
4.099950	0.770000	47.837333
4.099950	0.770000	47.870833
4.099950	0.770000	47.904667
4.100540	0.770000	47.938500
4.098460	0.770000	47.972167
4.100540	0.760000	48.006000
4.099350	0.760000	48.039667
4.099350	0.760000	48.073500
4.100250	0.760000	48.107167
4.099650	0.760000	48.141000
4.099650	0.760000	48.175000
4.099650	0.760000	48.208833
4.100250	0.750000	48.242667
4.098460	0.760000	48.276500
4.100250	0.750000	48.310167
4.100250	0.750000	48.344000
4.099650	0.750000	48.377667
4.099950	0.750000	48.411333
4.099950	0.740000	48.445167
4.097270	0.750000	48.478833
4.099950	0.750000	48.512833
4.100840	0.740000	48.546667
4.100250	0.740000	48.580667
4.098760	0.750000	48.614500
4.100540	0.740000	48.648167
4.099950	0.730000	48.681833
4.099060	0.730000	48.715500
4.099950	0.730000	48.749333
4.100840	0.730000	48.783167
4.099650	0.730000	48.816833
4.099950	0.720000	48.850667
4.099350	0.730000	48.884500
4.099350	0.730000	48.918167
4.099350	0.720000	48.951833
4.099650	0.730000	48.985500
4.099350	0.720000	49.019333
4.100250	0.720000	49.053000
4.099950	0.720000	49.086833
4.099650	0.720000	49.120500
4.099650	0.720000	49.154167
4.101440	0.710000	49.187833
4.101140	0.710000	49.221500
4.099650	0.720000	49.255333
4.099950	0.710000	49.289000
4.099650	0.720000	49.322667
4.099650	0.710000	49.356333
4.100250	0.710000	49.390167
4.099950	0.710000	49.424000
4.100840	0.700000	49.457833
4.100250	0.710000	49.491667
4.100250	0.710000	49.525333
4.100250	0.710000	49.559167
4.099060	0.710000	49.592833
4.100250	0.700000	49.626667
4.099650	0.700000	49.660167
4.101140	0.700000	49.694000
4.099650	0.710000	49.727833
4.099650	0.710000	49.761500
4.099650	0.700000	49.795167
4.100250	0.700000	49.829000
4.100250	0.700000	49.862667
4.099950	0.700000	49.896500
4.100840	0.700000	49.930167
4.099950	0.700000	49.964000
4.100250	0.690000	49.997500
4.099950	0.700000	50.031167
4.100540	0.690000	50.065000
4.100250	0.690000	50.098833
4.100540	0.690000	50.132500
4.099950	0.690000	50.166167
4.099060	0.690000	50.199833
4.100540	0.680000	50.233667
4.099950	0.690000	50.267333
4.099950	0.680000	50.301167
4.099350	0.680000	50.334833
4.100250	0.680000	50.368500
4.099350	0.680000	50.402333
4.100540	0.670000	50.436167
4.099350	0.670000	50.470000
4.099060	0.670000	50.503667
4.100540	0.670000	50.537500
4.099650	0.660000	50.571333
4.100840	0.660000	50.604833
4.099350	0.670000	50.638667
4.100540	0.660000	50.672500
4.102330	0.650000	50.706333
4.099350	0.670000	50.740000
4.099650	0.660000	50.773667
4.099950	0.660000	50.807333
4.099650	0.660000	50.841167
4.099650	0.660000	50.875000
4.099650	0.660000	50.908833
4.100250	0.650000	50.942667
4.099650	0.660000	50.976500
4.100250	0.650000	51.010333
4.099950	0.650000	51.044000
4.100250	0.650000	51.077667
4.099650	0.650000	51.111500
4.099650	0.660000	51.145333
4.099650	0.660000	51.179000
4.099950	0.650000	51.212667
4.099350	0.650000	51.246500
4.099650	0.650000	51.280333
4.100540	0.650000	51.314167
4.100250	0.640000	51.347667
4.099650	0.650000	51.381333
4.099650	0.650000	51.415167
4.099650	0.650000	51.448833
4.099650	0.650000	51.482667
4.099650	0.640000	51.516167
4.099650	0.640000	51.550000
4.099650	0.650000	51.583667
4.099950	0.640000	51.617500
4.099650	0.650000	51.651333
4.099950	0.650000	51.684833
4.099650	0.640000	51.718667
4.099950	0.640000	51.752500
4.099650	0.640000	51.786167
4.099950	0.640000	51.820000
4.099650	0.640000	51.853667
4.099650	0.640000	51.887333
4.099650	0.640000	51.921167
4.099650	0.640000	51.955000
4.099950	0.630000	51.988833
4.101140	0.630000	52.022500
4.099950	0.640000	52.056333
4.099950	0.640000	52.090167
4.099650	0.640000	52.124000
4.099950	0.640000	52.157667
4.099950	0.630000	52.191500
4.099650	0.640000	52.225000
4.100250	0.630000	52.258667
4.100250	0.630000	52.292333
4.100840	0.620000	52.326000
4.100540	0.620000	52.359500
4.100250	0.620000	52.393333
4.099950	0.610000	52.427000
4.099060	0.620000	52.460833
4.100250	0.620000	52.494667
4.100250	0.610000	52.528500
4.098460	0.620000	52.562167
4.100540	0.610000	52.596000
4.099350	0.620000	52.629667
4.101140	0.610000	52.663500
4.099950	0.610000	52.697167
4.100540	0.590000	52.731000
4.101140	0.600000	52.764833
4.099950	0.600000	52.798667
4.099950	0.600000	52.832500
4.099650	0.600000	52.866167
4.099350	0.600000	52.900000
4.099950	0.600000	52.933833
4.099650	0.590000	52.967667
4.099950	0.600000	53.001667
4.100250	0.600000	53.035333
4.099650	0.600000	53.069000
4.099650	0.600000	53.102667
4.100250	0.590000	53.136667
4.100840	0.590000	53.170667
4.099650	0.600000	53.204167
4.099650	0.600000	53.238167
4.096980	0.600000	53.271667
4.099650	0.590000	53.305333
4.099950	0.590000	53.339167
4.099650	0.590000	53.373000
4.099650	0.590000	53.406667
4.102030	0.580000	53.440333
4.099650	0.590000	53.474167
4.099650	0.580000	53.507833
4.099650	0.590000	53.541667
4.099650	0.590000	53.575333
4.099950	0.590000	53.609167
4.099650	0.590000	53.643000
4.099650	0.590000	53.676833
4.100250	0.580000	53.710500
4.099950	0.580000	53.744167
4.099650	0.590000	53.778000
4.100250	0.580000	53.811833
4.099650	0.580000	53.845500
4.101730	0.570000	53.879167
4.099650	0.580000	53.913000
4.100540	0.580000	53.946833
4.099650	0.580000	53.980500
4.098460	0.580000	54.014167
4.099650	0.580000	54.048000
4.098760	0.570000	54.081833
4.100250	0.580000	54.115833
4.099650	0.580000	54.149500
4.099950	0.580000	54.183333
4.100250	0.580000	54.217000
4.100250	0.580000	54.250833
4.099650	0.580000	54.284500
4.100540	0.580000	54.318333
4.099650	0.570000	54.352167
4.100250	0.570000	54.386000
4.099950	0.560000	54.419833
4.100540	0.560000	54.453500
4.100540	0.570000	54.487333
4.099650	0.560000	54.520833
4.099950	0.560000	54.554500
4.099060	0.570000	54.588167
4.099950	0.570000	54.622000
4.100540	0.560000	54.655833
4.099950	0.560000	54.689500
4.101440	0.550000	54.723333
4.100540	0.550000	54.757167
4.101730	0.540000	54.791000
4.099060	0.560000	54.824500
4.100540	0.550000	54.858167
4.099950	0.550000	54.891833
4.101730	0.550000	54.925667
4.099350	0.550000	54.959500
4.101730	0.540000	54.993000
4.099650	0.540000	55.026833
4.102030	0.550000	55.060500
4.099650	0.540000	55.094333
4.099350	0.540000	55.128000
4.099650	0.540000	55.161667
4.099350	0.550000	55.195500
4.099650	0.540000	55.229167
4.099650	0.540000	55.263000
4.100540	0.540000	55.297000
4.100840	0.530000	55.330833
4.099650	0.530000	55.364667
4.099650	0.540000	55.398333
4.099950	0.540000	55.432167
4.099650	0.540000	55.465667
4.100540	0.530000	55.499667
4.099650	0.540000	55.533333
4.099650	0.530000	55.567000
4.099650	0.540000	55.601000
4.099650	0.540000	55.634833
4.099650	0.540000	55.668667
4.099650	0.530000	55.702333
4.099950	0.540000	55.736167
4.099950	0.540000	55.769833
4.099650	0.530000	55.803500
4.100250	0.540000	55.837333
4.099950	0.530000	55.871167
4.100250	0.530000	55.905000
4.099650	0.530000	55.938667
4.099650	0.530000	55.972500
4.099650	0.530000	56.006167
4.099650	0.530000	56.039833
4.099650	0.530000	56.073667
4.100840	0.520000	56.107500
4.099650	0.530000	56.141167
4.099650	0.530000	56.174833
4.099650	0.530000	56.208667
4.102330	0.510000	56.242500
4.099650	0.530000	56.276167
4.102330	0.520000	56.309833
4.099650	0.530000	56.343500
4.099950	0.520000	56.377333
4.102330	0.520000	56.411167
4.099950	0.530000	56.444833
4.099650	0.520000	56.478667
4.100250	0.520000	56.512500
4.099950	0.520000	56.546167
4.099650	0.520000	56.580000
4.099950	0.520000	56.613833
4.099950	0.520000	56.647500
4.100540	0.510000	56.681167
4.099650	0.510000	56.715000
4.100540	0.510000	56.748833
4.099650	0.520000	56.782500
4.099650	0.520000	56.816333
4.101440	0.510000	56.850000
4.099650	0.510000	56.883833
4.099650	0.520000	56.917667
4.099650	0.510000	56.951500
4.098760	0.510000	56.985167
4.099650	0.510000	57.019000
4.099650	0.510000	57.052833
4.099650	0.520000	57.086500
4.099950	0.510000	57.120333
4.099950	0.510000	57.154000
4.099650	0.510000	57.187667
4.100540	0.500000	57.221500
4.099950	0.510000	57.255333
4.099650	0.510000	57.289000
4.099650	0.510000	57.322833
4.099950	0.500000	57.356500
4.099650	0.500000	57.390333
4.100250	0.500000	57.424333
4.100540	0.490000	57.457833
4.100250	0.490000	57.491667
4.100540	0.490000	57.525500
4.099650	0.490000	57.559333
4.100840	0.490000	57.593167
4.100250	0.490000	57.626833
4.100250	0.490000	57.660333
4.099350	0.500000	57.694167
4.099950	0.490000	57.728000
4.099650	0.490000	57.761667
4.099650	0.490000	57.795500
4.099350	0.490000	57.829333
4.099650	0.480000	57.863167
4.099650	0.480000	57.897000
4.099650	0.480000	57.930833
4.099650	0.480000	57.964667
4.099650	0.480000	57.998500
4.101730	0.470000	58.032167
4.100540	0.480000	58.066000
4.100540	0.480000	58.099833
4.099650	0.480000	58.133667
4.099650	0.480000	58.167333
4.099650	0.480000	58.201167
4.099950	0.470000	58.234833
4.099950	0.480000	58.268833
4.102920	0.470000	58.302667
4.099950	0.480000	58.336667
4.100250	0.480000	58.370333
4.099950	0.480000	58.404000
4.099350	0.480000	58.437833
4.100540	0.470000	58.471500
4.099950	0.480000	58.505333
4.099650	0.470000	58.539000
4.099650	0.470000	58.572667
4.099650	0.470000	58.606500
4.099650	0.470000	58.640167
4.099650	0.470000	58.674000
4.099650	0.480000	58.707667
4.100540	0.470000	58.741667
4.099650	0.470000	58.775500
4.101440	0.460000	58.809333
4.100250	0.470000	58.843000
4.102030	0.460000	58.876667
4.099650	0.470000	58.910333
4.099650	0.460000	58.944167
4.102030	0.460000	58.977833
4.099950	0.470000	59.011667
4.100250	0.470000	59.045333
4.098460	0.480000	59.079333
4.099950	0.460000	59.113000
4.099650	0.470000	59.146833
4.099650	0.470000	59.180667
4.100540	0.460000	59.214500
4.100540	0.460000	59.248333
4.099350	0.460000	59.282000
4.099950	0.460000	59.315833
4.099650	0.460000	59.349667
4.099650	0.460000	59.383500
4.100540	0.460000	59.417167
4.099650	0.460000	59.451000
4.100840	0.460000	59.484500
4.101730	0.450000	59.518500
4.100540	0.460000	59.552167
4.099950	0.460000	59.585833
4.099650	0.460000	59.619667
4.099650	0.460000	59.653500
4.102030	0.450000	59.687333
4.099650	0.460000	59.721167
4.099650	0.460000	59.754833
4.099650	0.450000	59.788500
4.099650	0.450000	59.822333
4.099650	0.460000	59.856000
4.099650	0.460000	59.889667
4.099950	0.440000	59.923667
4.099650	0.460000	59.957500
4.099650	0.460000	59.991333
4.099650	0.450000	60.025000
4.100540	0.450000	60.058667
4.104110	0.440000	60.092333
4.099950	0.450000	60.126167
4.099950	0.440000	60.159833
4.099950	0.450000	60.193500
4.100250	0.450000	60.227333
4.100540	0.440000	60.261000
4.100840	0.440000	60.294833
4.100250	0.440000	60.328500
4.100250	0.440000	60.362333
4.099350	0.440000	60.396167
4.100250	0.440000	60.430000
4.100540	0.440000	60.463667
4.099950	0.440000	60.497667
4.099650	0.440000	60.531500
4.100840	0.440000	60.565167
4.099650	0.440000	60.598833
4.100840	0.430000	60.632667
4.098760	0.440000	60.666333
4.099650	0.440000	60.700000
4.099060	0.440000	60.733833
4.099350	0.430000	60.767333
4.099650	0.430000	60.801000
4.100250	0.430000	60.834667
4.099060	0.430000	60.868500
4.099650	0.430000	60.902167
4.101140	0.420000	60.935833
4.099350	0.430000	60.969667
4.100840	0.430000	61.003333
4.101140	0.420000	61.037333
4.100540	0.430000	61.071167
4.100250	0.430000	61.104833
4.099650	0.430000	61.138667
4.099950	0.420000	61.172500
4.099650	0.430000	61.206333
4.102920	0.410000	61.240167
4.099350	0.420000	61.273833
4.100250	0.420000	61.307667
4.099950	0.420000	61.341667
4.099650	0.420000	61.375333
4.100540	0.420000	61.409167
4.100250	0.420000	61.442833
4.099350	0.420000	61.476667
4.101140	0.410000	61.510500
4.100540	0.410000	61.544167
4.100540	0.420000	61.578000
4.099650	0.410000	61.611833
4.099650	0.420000	61.645500
4.099350	0.420000	61.679333
4.100540	0.410000	61.713167
4.099350	0.420000	61.746667
4.099650	0.420000	61.780333
4.100840	0.410000	61.814167
4.099650	0.410000	61.848000
4.099950	0.410000	61.881667
4.099650	0.410000	61.915500
4.099650	0.410000	61.949167
4.098170	0.410000	61.983000
4.099650	0.400000	62.016833
4.098170	0.420000	62.050667
4.099650	0.410000	62.084333
4.099650	0.410000	62.118000
4.099650	0.420000	62.151833
4.099650	0.420000	62.185667
4.099350	0.410000	62.219500
4.099650	0.420000	62.253167
4.099950	0.410000	62.286833
4.099350	0.410000	62.320500
4.100250	0.410000	62.354000
4.099650	0.410000	62.387833
4.099650	0.410000	62.421333
4.100250	0.410000	62.455167
4.100250	0.410000	62.488833
4.099950	0.410000	62.522500
4.099650	0.410000	62.556333
4.098760	0.410000	62.590333
4.100250	0.410000	62.624167
4.099350	0.400000	62.657833
4.099350	0.400000	62.691667
4.099650	0.410000	62.725333
4.099650	0.410000	62.759167
4.101440	0.400000	62.793000
4.099650	0.400000	62.826500
4.099650	0.410000	62.860333
4.099650	0.400000	62.894167
4.099650	0.400000	62.928000
4.102030	0.390000	62.961667
4.101140	0.400000	62.995500
4.102630	0.390000	63.029167
4.099650	0.400000	63.063000
4.098170	0.410000	63.096667
4.099650	0.400000	63.130500
4.102030	0.400000	63.164333
4.102920	0.380000	63.198167
4.099950	0.400000	63.231833
4.103810	0.390000	63.265500
4.100250	0.400000	63.299167
4.099650	0.400000	63.333167
4.099950	0.400000	63.367000
4.099950	0.400000	63.400833
4.100250	0.400000	63.434667
4.100250	0.400000	63.468500
4.100250	0.390000	63.502333
4.099950	0.390000	63.536167
4.099950	0.400000	63.569833
4.099060	0.400000	63.603500
4.100840	0.390000	63.637333
4.100250	0.390000	63.670833
4.099650	0.400000	63.704667
4.099350	0.400000	63.738500
4.099350	0.400000	63.772167
4.100840	0.390000	63.806000
4.099650	0.390000	63.839667
4.099650	0.390000	63.873500
4.099650	0.390000	63.907500
4.099950	0.390000	63.941167
4.099950	0.390000	63.974833
4.099650	0.390000	64.008500
4.099650	0.390000	64.042500
4.099650	0.390000	64.076167
4.099650	0.380000	64.110000
4.099950	0.390000	64.143833
4.099950	0.390000	64.177500
4.099950	0.390000	64.211333
4.102330	0.380000	64.245000
4.099950	0.380000	64.278667
4.099650	0.390000	64.312333
4.100250	0.390000	64.346000
4.100250	0.390000	64.379833
4.099950	0.390000	64.413500
4.101140	0.380000	64.447167
4.099950	0.380000	64.481000
4.100840	0.370000	64.514833
4.098760	0.380000	64.548500
4.100540	0.370000	64.582333
4.101440	0.370000	64.615833
4.100540	0.370000	64.649500
4.099060	0.380000	64.683333
4.100540	0.370000	64.717167
4.098460	0.380000	64.750667
4.098460	0.380000	64.784333
4.099650	0.370000	64.818000
4.099350	0.370000	64.851500
4.099350	0.370000	64.885333
4.099950	0.370000	64.919167
4.100840	0.370000	64.953000
4.100250	0.370000	64.986833
4.099650	0.380000	65.020500
4.099650	0.360000	65.054167
4.100840	0.360000	65.088000
4.099350	0.370000	65.121833
4.099350	0.360000	65.155500
4.100540	0.360000	65.189333
4.099650	0.360000	65.223000
4.100540	0.360000	65.256833
4.099650	0.360000	65.290667
4.099060	0.360000	65.324500
4.099650	0.370000	65.358167
4.100840	0.360000	65.392000
4.099650	0.360000	65.425667
4.102030	0.350000	65.459333
4.100250	0.360000	65.493167
4.097570	0.370000	65.526833
4.099650	0.360000	65.560667
4.101140	0.360000	65.594500
4.099350	0.360000	65.628333
4.099060	0.360000	65.662167
4.099650	0.360000	65.695833
4.099650	0.360000	65.729667
4.099650	0.360000	65.763333
4.099650	0.360000	65.797000
4.099350	0.360000	65.830833
4.099950	0.360000	65.864500
4.099650	0.360000	65.898333
4.099650	0.360000	65.932167
4.099650	0.360000	65.966000
4.099650	0.360000	65.999667
4.099650	0.350000	66.033333
4.099950	0.350000	66.067167
4.099950	0.350000	66.101000
4.099650	0.360000	66.134833
4.099650	0.360000	66.168667
4.099350	0.350000	66.202333
4.099650	0.350000	66.236167
4.100540	0.350000	66.269833
4.100540	0.350000	66.303500
4.100250	0.360000	66.337333
4.099650	0.350000	66.371000
4.099650	0.350000	66.404833
4.099950	0.350000	66.438667
4.099350	0.350000	66.472500
4.100250	0.350000	66.506333
4.099650	0.350000	66.540000
4.100540	0.350000	66.573667
4.099650	0.350000	66.607500
4.099950	0.350000	66.641333
4.099650	0.350000	66.675000
4.099650	0.350000	66.708833
4.099650	0.350000	66.742667
4.100840	0.340000	66.776167
4.101730	0.340000	66.810000
4.099650	0.350000	66.843833
4.099650	0.350000	66.877500
4.101440	0.340000	66.911333
4.101440	0.340000	66.945000
4.099950	0.350000	66.978833
4.099650	0.350000	67.012500
4.099650	0.340000	67.046333
4.099350	0.340000	67.080167
4.102330	0.340000	67.113833
4.099650	0.350000	67.147500
4.102330	0.330000	67.181333
4.099950	0.350000	67.215000
4.099350	0.350000	67.248667
4.099650	0.350000	67.282333
4.103520	0.320000	67.316167
4.103520	0.320000	67.350000
4.099950	0.340000	67.383833
4.099650	0.350000	67.417667
4.103810	0.330000	67.451333
4.100250	0.340000	67.485167
4.100250	0.340000	67.518833
4.100250	0.340000	67.552833
4.099350	0.340000	67.586500
4.099950	0.340000	67.620333
4.100840	0.330000	67.654167
4.100250	0.340000	67.688000
4.099650	0.340000	67.721833
4.099650	0.340000	67.755500
4.100250	0.340000	67.789167
4.100250	0.340000	67.823000
4.100840	0.330000	67.856667
4.099650	0.340000	67.890333
4.099650	0.330000	67.924333
4.100540	0.340000	67.958167
4.101440	0.330000	67.991833
4.100540	0.330000	68.025667
4.099950	0.330000	68.059167
4.099650	0.330000	68.092833
4.099650	0.330000	68.126667
4.099060	0.330000	68.160500
4.099650	0.340000	68.194333
4.100250	0.330000	68.228000
4.099950	0.330000	68.261833
4.099950	0.330000	68.295500
4.099650	0.340000	68.329333
4.099650	0.340000	68.363000
4.099950	0.340000	68.396833
4.098460	0.330000	68.430333
4.099950	0.340000	68.464167
4.099950	0.330000	68.498000
4.099650	0.330000	68.531667
4.099650	0.340000	68.565500
4.099950	0.330000	68.599167
4.099650	0.330000	68.633000
4.099950	0.340000	68.666500
4.098460	0.330000	68.700500
4.099650	0.340000	68.734167
4.099950	0.340000	68.768000
4.099650	0.320000	68.801833
4.099950	0.330000	68.835500
4.100250	0.330000	68.869333
4.099350	0.330000	68.903333
4.099950	0.320000	68.937000
4.100250	0.320000	68.970667
4.099060	0.320000	69.004333
4.099950	0.320000	69.038167
4.098170	0.320000	69.071833
4.100250	0.320000	69.105500
4.100540	0.320000	69.139167
4.099650	0.320000	69.172667
4.100540	0.320000	69.206333
4.100840	0.310000	69.240000
4.100540	0.320000	69.273833
4.099950	0.320000	69.307667
4.098460	0.320000	69.341500
4.100250	0.320000	69.375333
4.100540	0.320000	69.409000
4.100250	0.310000	69.442667
4.100840	0.310000	69.476333
4.100250	0.320000	69.510167
4.099350	0.320000	69.543833
4.100250	0.310000	69.577500
4.100840	0.310000	69.611167
4.099950	0.310000	69.645000
4.099350	0.320000	69.678833
4.100250	0.310000	69.712667
4.099650	0.320000	69.746333
4.101140	0.300000	69.780167
4.100540	0.300000	69.813833
4.099350	0.310000	69.847833
4.099650	0.310000	69.881500
4.099350	0.310000	69.915167
4.101140	0.300000	69.949000
4.099350	0.310000	69.982667
4.100540	0.300000	70.016500
4.099350	0.310000	70.050167
4.100250	0.300000	70.083833
4.099350	0.310000	70.117667
4.099060	0.310000	70.151333
4.100840	0.300000	70.185000
4.101730	0.300000	70.218667
4.101140	0.300000	70.252333
4.099350	0.300000	70.286000
4.099350	0.300000	70.319833
4.099650	0.310000	70.353667
4.099350	0.300000	70.387333
4.099060	0.310000	70.421000
4.099950	0.300000	70.454667
4.099650	0.310000	70.488500
4.099950	0.300000	70.522167
4.099650	0.300000	70.556000
4.099650	0.300000	70.589833
4.102330	0.290000	70.623667
4.099950	0.290000	70.657333
4.100250	0.300000	70.691167
4.099950	0.300000	70.724833
4.100250	0.300000	70.758500
4.099950	0.300000	70.792333
4.099350	0.300000	70.826167
4.099650	0.300000	70.859833
4.099950	0.300000	70.893500
4.100540	0.300000	70.927333
4.101730	0.300000	70.961000
4.099350	0.300000	70.994667
4.099950	0.300000	71.028500
4.100250	0.300000	71.062167
4.099650	0.300000	71.095833
4.099950	0.300000	71.129667
4.100840	0.290000	71.163500
4.099650	0.290000	71.197167
4.099650	0.300000	71.231000
4.099950	0.290000	71.264500
4.100540	0.290000	71.298333
4.100250	0.290000	71.332000
4.099650	0.290000	71.365833
4.099650	0.300000	71.399667
4.100840	0.290000	71.433333
4.101140	0.290000	71.467333
4.099650	0.290000	71.501000
4.099650	0.290000	71.534667
4.099650	0.300000	71.568500
4.099650	0.290000	71.602333
4.099650	0.300000	71.636000
4.099650	0.290000	71.669833
4.100540	0.290000	71.703500
4.097570	0.300000	71.737167
4.102030	0.280000	71.771167
4.099650	0.290000	71.804833
4.099650	0.290000	71.838667
4.099650	0.290000	71.872333
4.100540	0.290000	71.906167
4.099650	0.290000	71.939833
4.099650	0.280000	71.973667
4.099650	0.300000	72.007333
4.102630	0.280000	72.041167
4.099650	0.300000	72.075000
4.099350	0.290000	72.108667
4.103220	0.270000	72.142500
4.099950	0.290000	72.176167
4.099950	0.290000	72.209833
4.099060	0.280000	72.243500
4.099650	0.290000	72.277167
4.095190	0.300000	72.311000
4.099650	0.300000	72.344833
4.099950	0.290000	72.378667
4.099650	0.290000	72.412500
4.100540	0.290000	72.446167
4.099950	0.290000	72.480000
4.099650	0.290000	72.513667
4.099950	0.290000	72.547333
4.103520	0.270000	72.581000
4.099650	0.270000	72.614667
4.099650	0.290000	72.648500
4.100250	0.280000	72.682167
4.099650	0.280000	72.716000
4.100250	0.280000	72.749667
4.100250	0.280000	72.783500
4.100840	0.280000	72.817333
4.099650	0.280000	72.851000
4.099350	0.280000	72.884833
4.100250	0.280000	72.918667
4.099950	0.280000	72.952500
4.099650	0.280000	72.986167
4.100250	0.280000	73.019833
4.099650	0.280000	73.053500
4.099650	0.280000	73.087333
4.101140	0.280000	73.121000
4.099650	0.280000	73.154833
4.101440	0.270000	73.188500
4.099650	0.280000	73.222500
4.101140	0.280000	73.256333
4.099650	0.280000	73.290333
4.099650	0.280000	73.324167
4.099650	0.280000	73.357833
4.097870	0.290000	73.391500
4.099650	0.280000	73.425333
4.102030	0.270000	73.459000
4.099650	0.280000	73.492667
4.101730	0.280000	73.526500
4.101440	0.280000	73.560167
4.101730	0.270000	73.593667
4.102330	0.270000	73.627500
4.099650	0.280000	73.661167
4.099650	0.280000	73.695000
4.099350	0.270000	73.728667
4.098460	0.280000	73.762500
4.102630	0.260000	73.796333
4.099650	0.290000	73.830167
4.097570	0.290000	73.863833
4.098760	0.280000	73.897667
4.099950	0.280000	73.931500
4.098760	0.280000	73.965167
4.099650	0.280000	73.998833
4.095490	0.290000	74.032667
4.099650	0.280000	74.066333
4.099950	0.280000	74.100167
4.099650	0.290000	74.134000
4.099650	0.280000	74.167667
4.099950	0.280000	74.201500
4.099650	0.280000	74.235167
4.100250	0.280000	74.268833
4.099950	0.270000	74.302667
4.099650	0.280000	74.336333
4.100540	0.280000	74.370167
4.099950	0.280000	74.404000
4.099950	0.280000	74.437667
4.101140	0.270000	74.471333
4.099950	0.280000	74.505000
4.099650	0.280000	74.538500
4.099650	0.270000	74.572333
4.099650	0.270000	74.606167
4.099650	0.270000	74.639833
4.099650	0.270000	74.673500
4.100250	0.270000	74.707333
4.099950	0.270000	74.741000
4.099650	0.270000	74.775000
4.099650	0.270000	74.808833
4.099950	0.270000	74.842333
4.099650	0.270000	74.876000
4.099650	0.270000	74.909667
4.101140	0.270000	74.943333
4.099650	0.270000	74.977167
4.099650	0.270000	75.011000
4.099650	0.260000	75.044833
4.099950	0.270000	75.078500
4.099650	0.270000	75.112333
4.099650	0.270000	75.146167
4.099650	0.270000	75.179833
4.099650	0.270000	75.213500
4.099350	0.270000	75.247333
4.102330	0.260000	75.281167
4.099650	0.270000	75.314833
4.099650	0.270000	75.348667
4.099650	0.260000	75.382333
4.099650	0.270000	75.416000
4.099650	0.270000	75.449833
4.099650	0.260000	75.483500
4.103220	0.250000	75.517333
4.099650	0.270000	75.551167
4.099650	0.270000	75.584833
4.099650	0.250000	75.618667
4.099650	0.270000	75.652500
4.099650	0.250000	75.686167
4.099950	0.270000	75.719833
4.099060	0.270000	75.753833
4.099950	0.260000	75.787500
4.099650	0.270000	75.821333
4.098460	0.270000	75.855167
4.103220	0.250000	75.888833
4.099650	0.270000	75.922667
4.103520	0.240000	75.956333
4.100250	0.250000	75.990000
4.099650	0.260000	76.023667
4.099350	0.260000	76.057500
4.099650	0.270000	76.091167
4.099650	0.250000	76.124833
4.100250	0.250000	76.158500
4.100250	0.250000	76.192333
4.099650	0.270000	76.226000
4.099650	0.270000	76.259833
4.099950	0.270000	76.293500
4.099950	0.270000	76.327167
4.100250	0.270000	76.361000
4.100540	0.260000	76.394667
4.101440	0.240000	76.428500
4.100540	0.250000	76.462333
4.100250	0.260000	76.495833
4.101140	0.250000	76.529667
4.101440	0.250000	76.563333
4.099650	0.250000	76.597333
4.100840	0.250000	76.631000
4.100250	0.250000	76.664833
4.100840	0.250000	76.698667
4.100540	0.250000	76.732333
4.099950	0.250000	76.766167
4.098460	0.250000	76.800000
4.100250	0.250000	76.833833
4.100250	0.250000	76.867667
4.099950	0.250000	76.901333
4.099650	0.250000	76.935167
4.100250	0.240000	76.968833
4.099650	0.250000	77.002500
4.100250	0.250000	77.036167
4.101140	0.240000	77.070000
4.100540	0.250000	77.103833
4.100540	0.250000	77.137500
4.100250	0.250000	77.171333
4.099950	0.250000	77.205167
4.101440	0.240000	77.238833
4.100840	0.250000	77.272667
4.100540	0.250000	77.306500
4.099650	0.250000	77.340333
4.099350	0.250000	77.374000
4.099950	0.250000	77.407833
4.101140	0.240000	77.441667
4.100840	0.240000	77.475500
4.099060	0.240000	77.509000
4.101140	0.240000	77.542833
4.099650	0.240000	77.576500
4.099650	0.240000	77.610167
4.100840	0.240000	77.644000
4.100840	0.240000	77.677667
4.099650	0.240000	77.711500
4.100840	0.240000	77.745167
4.099650	0.240000	77.779167
4.101140	0.230000	77.813000
4.099650	0.240000	77.846667
4.100840	0.240000	77.880500
4.099650	0.240000	77.914333
4.099650	0.240000	77.948000
4.099650	0.230000	77.981667
4.099650	0.230000	78.015500
4.100840	0.230000	78.049167
4.100540	0.240000	78.083000
4.101140	0.230000	78.116667
4.099650	0.240000	78.150500
4.099650	0.240000	78.184167
4.099350	0.240000	78.217833
4.100540	0.240000	78.251667
4.099650	0.240000	78.285333
4.101140	0.230000	78.319000
4.100840	0.230000	78.352833
4.099650	0.240000	78.386500
4.102030	0.230000	78.420333
4.099650	0.240000	78.454167
4.101140	0.230000	78.488000
4.103220	0.220000	78.521833
4.099650	0.230000	78.555667
4.101730	0.230000	78.589333
4.101730	0.220000	78.623333
4.101730	0.230000	78.657167
4.099650	0.240000	78.690833
4.099650	0.240000	78.724500
4.099650	0.240000	78.758167
4.102630	0.230000	78.792000
4.099650	0.240000	78.825833
4.099650	0.230000	78.859667
4.102920	0.220000	78.893333
4.099650	0.230000	78.927000
4.099060	0.240000	78.960500
4.099650	0.240000	78.994167
4.099650	0.220000	79.027833
4.099650	0.230000	79.061667
4.099650	0.220000	79.095500
4.099650	0.230000	79.129167
4.099060	0.240000	79.163000
4.099060	0.240000	79.196833
4.099350	0.230000	79.230500
4.099650	0.240000	79.264167
4.099650	0.220000	79.298000
4.099650	0.240000	79.331667
4.099650	0.230000	79.365500
4.099350	0.240000	79.399333
4.099650	0.230000	79.433167
4.099950	0.240000	79.467000
4.099950	0.230000	79.501000
4.099950	0.230000	79.534667
4.099650	0.230000	79.568500
4.099650	0.240000	79.602167
4.099650	0.230000	79.636167
4.099650	0.230000	79.669833
4.099950	0.230000	79.703667
4.099650	0.230000	79.737333
4.099950	0.230000	79.771167
4.099650	0.230000	79.805000
4.099650	0.230000	79.838667
4.100540	0.230000	79.872500
4.100250	0.230000	79.906333
4.099650	0.230000	79.940167
4.099650	0.230000	79.974000
4.100840	0.220000	80.007833
4.099650	0.230000	80.041500
4.101140	0.220000	80.075167
4.099650	0.220000	80.109000
4.099650	0.230000	80.142667
4.099650	0.230000	80.176500
4.100840	0.220000	80.210333
4.100540	0.230000	80.244000
4.096980	0.230000	80.277667
4.100250	0.230000	80.311333
4.099650	0.230000	80.345000
4.100250	0.230000	80.379000
4.099650	0.230000	80.412667
4.099650	0.220000	80.446333
4.099650	0.230000	80.480000
4.099650	0.220000	80.513833
4.099650	0.220000	80.547667
4.099650	0.220000	80.581333
4.099650	0.230000	80.615000
4.099650	0.220000	80.648667
4.099650	0.230000	80.682500
4.099650	0.220000	80.716167
4.096680	0.240000	80.750000
4.099650	0.230000	80.783667
4.099650	0.220000	80.817500
4.103220	0.210000	80.851333
4.099650	0.220000	80.885000
4.098760	0.220000	80.918833
4.099650	0.230000	80.952500
4.099650	0.220000	80.986333
4.097270	0.240000	81.020000
4.103520	0.210000	81.053833
4.099650	0.220000	81.087667
4.095490	0.230000	81.121333
4.099650	0.230000	81.155167
4.102330	0.210000	81.188833
4.099650	0.220000	81.222667
4.102630	0.210000	81.256500
4.103220	0.210000	81.290167
4.099060	0.220000	81.324000
4.103810	0.210000	81.357667
4.098760	0.230000	81.391500
4.099060	0.230000	81.425167
4.098170	0.230000	81.459000
4.099650	0.220000	81.492833
4.099650	0.200000	81.526500
4.104110	0.190000	81.560167
4.099650	0.220000	81.594000
4.097870	0.210000	81.627833
4.095490	0.240000	81.661667
4.099650	0.230000	81.695500
4.103220	0.210000	81.729333
4.104410	0.200000	81.763000
4.099650	0.230000	81.796667
4.102920	0.210000	81.830500
4.099650	0.230000	81.864167
4.099650	0.210000	81.898000
4.099650	0.220000	81.931833
4.099950	0.230000	81.965500
4.099650	0.220000	81.999333
4.099650	0.220000	82.033167
4.099950	0.220000	82.066833
4.099950	0.230000	82.100667
4.100540	0.220000	82.134333
4.100540	0.220000	82.168167
4.099650	0.220000	82.202000
4.099650	0.220000	82.235833
4.100540	0.220000	82.269667
4.099650	0.220000	82.303333
4.099950	0.220000	82.337000
4.101140	0.210000	82.370833
4.099650	0.220000	82.404500
4.099650	0.220000	82.438333
4.099650	0.220000	82.472000
4.100250	0.220000	82.505833
4.099650	0.220000	82.539667
4.100250	0.220000	82.573500
4.100540	0.210000	82.607333
4.099650	0.220000	82.640833
4.099650	0.220000	82.674833
4.099650	0.210000	82.708500
4.099650	0.220000	82.742333
4.099650	0.210000	82.776167
4.099650	0.220000	82.810000
4.101440	0.210000	82.843833
4.101730	0.210000	82.877667
4.100840	0.210000	82.911667
4.099650	0.220000	82.945500
4.099650	0.220000	82.979167
4.099650	0.220000	83.013000
4.101140	0.210000	83.046667
4.102330	0.200000	83.080500
4.099650	0.210000	83.114167
4.101140	0.210000	83.148000
4.101730	0.210000	83.181833
4.099650	0.210000	83.215500
4.099060	0.210000	83.249500
4.097570	0.210000	83.283333
4.099650	0.210000	83.317167
4.098460	0.210000	83.351000
4.097270	0.220000	83.384833
4.099650	0.210000	83.418500
4.099650	0.210000	83.452333
4.100250	0.200000	83.486000
4.099650	0.210000	83.519833
4.099650	0.210000	83.553667
4.099650	0.210000	83.587667
4.099650	0.200000	83.621333
4.099650	0.210000	83.655167
4.098460	0.210000	83.689000
4.103810	0.190000	83.722667
4.099650	0.210000	83.756500
4.104110	0.190000	83.790333
4.099650	0.210000	83.824167
4.098170	0.220000	83.857833
4.099650	0.220000	83.891667
4.099650	0.210000	83.925333
4.099060	0.210000	83.959000
4.099650	0.220000	83.992833
4.099650	0.210000	84.026500
4.099650	0.200000	84.060333
4.099650	0.210000	84.094167
4.099950	0.200000	84.128000
4.099650	0.210000	84.161833
4.099650	0.210000	84.195333
4.104110	0.180000	84.229167
4.099650	0.210000	84.263000
4.099350	0.190000	84.296833
4.099650	0.210000	84.330667
4.097870	0.210000	84.364667
4.099650	0.210000	84.398333
4.100540	0.190000	84.437500
4.099650	0.210000	84.472000
4.099060	0.200000	84.505667
4.098170	0.200000	84.539333
4.099650	0.220000	84.573167
4.100250	0.200000	84.606833
4.099950	0.200000	84.646333
4.100540	0.190000	84.680000
4.099950	0.210000	84.714167
4.100250	0.210000	84.748167
4.099950	0.210000	84.782000
4.099950	0.210000	84.815667
4.100540	0.210000	84.849667
4.099950	0.200000	84.883333
4.100250	0.190000	84.917000
4.100250	0.200000	84.950833
4.098170	0.210000	84.984500
4.100250	0.200000	85.018333
4.100540	0.200000	85.052167
4.100250	0.200000	85.085833
4.099650	0.200000	85.119667
4.100250	0.200000	85.153333
4.100250	0.200000	85.187167
4.099950	0.200000	85.220667
4.098460	0.200000	85.254500
4.099950	0.200000	85.288167
4.099950	0.200000	85.322000
4.100540	0.190000	85.355833
4.099950	0.210000	85.389667
4.100840	0.190000	85.423333
4.100540	0.190000	85.457167
4.100250	0.200000	85.490833
4.099950	0.190000	85.524500
4.099650	0.200000	85.558333
4.100840	0.200000	85.592000
4.099950	0.200000	85.625833
4.100250	0.190000	85.659667
4.099950	0.200000	85.693500
4.099950	0.200000	85.727167
4.099950	0.200000	85.760833
4.099650	0.200000	85.794500
4.100540	0.200000	85.828333
4.098460	0.200000	85.862167
4.099650	0.200000	85.896000
4.099950	0.200000	85.929667
4.100250	0.200000	85.963500
4.100540	0.200000	85.997333
4.098760	0.200000	86.030833
4.100250	0.190000	86.064500
4.099060	0.190000	86.098167
4.100540	0.190000	86.131833
4.099950	0.200000	86.165667
4.100250	0.200000	86.199333
4.101140	0.190000	86.233167
4.099650	0.190000	86.267000
4.101440	0.190000	86.300833
4.098170	0.200000	86.334333
4.100840	0.190000	86.368167
4.099950	0.190000	86.401833
4.099350	0.190000	86.435833
4.099950	0.190000	86.469667
4.101140	0.180000	86.503333
4.099060	0.190000	86.537000
4.100540	0.200000	86.570667
4.099350	0.190000	86.604500
4.099650	0.200000	86.638333
4.098460	0.200000	86.672000
4.100540	0.200000	86.705667
4.100250	0.190000	86.739333
4.100540	0.190000	86.773000
4.100840	0.190000	86.806667
4.100250	0.190000	86.840333
4.100840	0.190000	86.874000
4.100250	0.190000	86.908000
4.100540	0.190000	86.941667
4.100540	0.190000	86.975333
4.100540	0.190000	87.009167
4.099650	0.190000	87.043000
4.099650	0.180000	87.076667
4.100540	0.190000	87.110333
4.098170	0.190000	87.144000
4.101730	0.180000	87.177833
4.099650	0.190000	87.211500
4.099950	0.200000	87.245333
4.097870	0.190000	87.279000
4.099950	0.190000	87.313000
4.100250	0.180000	87.346833
4.099060	0.190000	87.380667
4.100250	0.180000	87.414333
4.101140	0.180000	87.448000
4.100540	0.180000	87.482000
4.098760	0.190000	87.515667
4.100840	0.180000	87.549333
4.099060	0.190000	87.583167
4.099350	0.180000	87.616833
4.100250	0.180000	87.650833
4.101140	0.180000	87.684500
4.101440	0.170000	87.718333
4.098760	0.180000	87.752167
4.099650	0.180000	87.785833
4.099650	0.180000	87.819500
4.098760	0.190000	87.853333
4.101730	0.180000	87.891000
4.098760	0.190000	87.933333
4.100250	0.190000	87.967000
4.100840	0.190000	88.000833
4.098760	0.190000	88.034667
4.099060	0.180000	88.068333
4.101440	0.180000	88.102167
4.100540	0.180000	88.135833
4.099350	0.180000	88.169500
4.099950	0.180000	88.203333
4.101440	0.180000	88.237000
4.099060	0.190000	88.270833
4.099060	0.180000	88.304667
4.100840	0.180000	88.338333
4.099350	0.170000	88.372000
4.103220	0.170000	88.405667
4.099950	0.170000	88.439333
4.099350	0.190000	88.473167
4.098760	0.180000	88.507000
4.098460	0.190000	88.540667
4.099950	0.180000	88.574500
4.100250	0.180000	88.608167
4.099650	0.170000	88.642167
4.100840	0.170000	88.676000
4.101140	0.180000	88.709667
4.099650	0.170000	88.743500
4.097570	0.180000	88.777167
4.099350	0.180000	88.811000
4.099650	0.180000	88.844833
4.099350	0.180000	88.878500
4.099650	0.180000	88.912333
4.099350	0.190000	88.946333
4.100250	0.180000	88.979833
4.101140	0.180000	89.013500
4.099950	0.180000	89.047500
4.099060	0.180000	89.081167
4.100250	0.170000	89.114833
4.100250	0.170000	89.148667
4.100250	0.180000	89.182333
4.099950	0.180000	89.219667
4.099950	0.170000	89.253833
4.099650	0.180000	89.287500
4.099060	0.180000	89.321500
4.100840	0.180000	89.355333
4.100250	0.180000	89.389000
4.098170	0.190000	89.422667
4.099350	0.180000	89.456500
4.100250	0.170000	89.492667
4.099350	0.180000	89.536167
4.098460	0.190000	89.569833
4.102330	0.170000	89.603667
4.101730	0.170000	89.637167
4.099650	0.180000	89.675667
4.101730	0.180000	89.714167
4.099650	0.180000	89.755833
4.099950	0.180000	89.789667
4.099950	0.180000	89.825833
4.100540	0.170000	89.859667
4.099950	0.180000	89.893667
4.099650	0.180000	89.927333
4.100540	0.170000	89.961333
4.100540	0.170000	89.995667
4.099350	0.170000	90.029500
4.100540	0.170000	90.063167
4.100540	0.170000	90.097000
4.098760	0.190000	90.130667
4.099650	0.180000	90.164500
4.100250	0.170000	90.198333
4.101140	0.180000	90.232000
4.101730	0.180000	90.265833
4.099060	0.180000	90.299667
4.099060	0.180000	90.333333
4.100250	0.170000	90.367167
4.099950	0.180000	90.401000
4.099060	0.180000	90.434833
4.099650	0.170000	90.468667
4.099350	0.180000	90.502667
4.099350	0.170000	90.536500
4.100250	0.170000	90.570167
4.099650	0.180000	90.603833
4.102630	0.160000	90.637667
4.099350	0.180000	90.671500
4.100840	0.160000	90.705167
4.101140	0.160000	90.739000
4.100840	0.170000	90.772667
4.102030	0.170000	90.806333
4.099950	0.180000	90.840167
4.102330	0.160000	90.873833
4.097570	0.170000	90.907500
4.101140	0.160000	90.941333
4.099350	0.180000	90.975000
4.099950	0.170000	91.008833
4.098760	0.180000	91.042500
4.102920	0.160000	91.076167
4.099950	0.180000	91.110167
4.098760	0.180000	91.143833
4.099950	0.170000	91.177667
4.099060	0.180000	91.211333
4.099060	0.180000	91.245000
4.099950	0.170000	91.278833
4.101140	0.170000	91.312500
4.099650	0.170000	91.346500
4.101730	0.170000	91.380167
4.098460	0.170000	91.415000
4.101140	0.170000	91.449000
4.100250	0.160000	91.482833
4.101440	0.170000	91.516667
4.101140	0.160000	91.550333
4.098760	0.180000	91.584167
4.101730	0.170000	91.619000
4.100250	0.170000	91.652833
4.101140	0.170000	91.686667
4.099650	0.170000	91.720667
4.101140	0.170000	91.754333
4.098460	0.180000	91.788000
4.099650	0.170000	91.821833
4.100250	0.180000	91.855667
4.102030	0.170000	91.889333
4.099950	0.170000	91.923167
4.101140	0.160000	91.957000
4.100250	0.160000	91.990667
4.099350	0.170000	92.024500
4.101730	0.160000	92.058167
4.100250	0.160000	92.092000
4.097870	0.180000	92.125833
4.099060	0.170000	92.159667
4.096980	0.180000	92.193333
4.099350	0.170000	92.227000
4.100250	0.170000	92.260667
4.099950	0.160000	92.294500
4.099650	0.170000	92.328167
4.099650	0.160000	92.362000
4.099650	0.160000	92.395667
4.098760	0.160000	92.429500
4.099650	0.170000	92.463167
4.099350	0.170000	92.496833
4.099950	0.160000	92.530667
4.098460	0.160000	92.564333
4.102030	0.160000	92.598167
4.099650	0.170000	92.631833
4.099950	0.170000	92.665667
4.099650	0.170000	92.699500
4.102630	0.150000	92.733167
4.099350	0.160000	92.767000
4.100250	0.170000	92.800833
4.102630	0.150000	92.834667
4.099350	0.170000	92.868500
4.098760	0.170000	92.902333
4.103220	0.160000	92.936000
4.099950	0.170000	92.969833
4.099060	0.170000	93.003500
4.097870	0.170000	93.037167
4.100540	0.160000	93.070833
4.100250	0.160000	93.104500
4.099060	0.170000	93.138167
4.100540	0.160000	93.171833
4.098460	0.170000	93.205667
4.099950	0.150000	93.239500
4.100250	0.160000	93.273167
4.098170	0.170000	93.307000
4.099950	0.160000	93.340667
4.099350	0.170000	93.374500
4.098760	0.170000	93.408333
4.101730	0.160000	93.442167
4.099060	0.160000	93.476000
4.099650	0.160000	93.509500
4.099950	0.160000	93.543333
4.098760	0.170000	93.577000
4.099950	0.160000	93.610833
4.099950	0.160000	93.644500
4.099650	0.170000	93.678500
4.098760	0.160000	93.712333
4.099950	0.170000	93.746167
4.099060	0.160000	93.780000
4.101730	0.150000	93.813833
4.101730	0.160000	93.847500
4.100540	0.160000	93.881333
4.102030	0.150000	93.915167
4.099350	0.170000	93.949000
4.099950	0.150000	93.982833
4.100250	0.160000	94.016667
4.099350	0.160000	94.050500
4.100840	0.150000	94.084167
4.099060	0.160000	94.117833
4.100540	0.160000	94.151667
4.098460	0.170000	94.185333
4.100840	0.160000	94.219000
4.098760	0.160000	94.252667
4.101440	0.150000	94.286333
4.099950	0.160000	94.320000
4.097570	0.170000	94.354000
4.102330	0.140000	94.387500
4.099950	0.160000	94.421333
4.099650	0.160000	94.455167
4.100250	0.160000	94.489000
4.099350	0.160000	94.522667
4.098170	0.160000	94.556333
4.100840	0.160000	94.590167
4.100540	0.150000	94.623833
4.099060	0.170000	94.657667
4.099350	0.160000	94.691500
4.100840	0.150000	94.725333
4.099350	0.160000	94.759000
4.097870	0.160000	94.792833
4.098760	0.160000	94.826667
4.099350	0.160000	94.860333
4.101440	0.150000	94.894167
4.099350	0.160000	94.928000
4.099060	0.160000	94.961667
4.100250	0.160000	94.995167
4.100540	0.150000	95.029000
4.099060	0.160000	95.062667
4.099950	0.160000	95.096333
4.101440	0.150000	95.130000
4.099950	0.150000	95.163833
4.099650	0.150000	95.197667
4.100840	0.150000	95.231333
4.100540	0.150000	95.265167
4.099650	0.160000	95.298667
4.100840	0.150000	95.332500
4.099060	0.160000	95.366333
4.098460	0.160000	95.400167
4.100540	0.160000	95.433667
4.099060	0.160000	95.467500
4.100250	0.150000	95.501167
4.099950	0.160000	95.535000
4.099950	0.160000	95.568667
4.099950	0.150000	95.602333
4.100250	0.150000	95.636000
4.099650	0.160000	95.669667
4.100840	0.150000	95.703500
4.099650	0.150000	95.737333
4.099650	0.150000	95.771167
4.098460	0.160000	95.805000
4.099950	0.150000	95.838833
4.100840	0.150000	95.872500
4.100250	0.160000	95.906333
4.100250	0.160000	95.940500
4.099950	0.150000	95.974167
4.099650	0.160000	96.016000
4.100840	0.150000	96.049667
4.099650	0.150000	96.086667
4.099950	0.150000	96.124167
4.101440	0.140000	96.157833
4.100840	0.150000	96.191667
4.100540	0.150000	96.225333
4.100250	0.150000	96.259167
4.101140	0.140000	96.293000
4.099060	0.160000	96.326833
4.099950	0.140000	96.360833
4.099350	0.160000	96.394667
4.100250	0.150000	96.428333
4.099350	0.150000	96.462333
4.098460	0.150000	96.496000
4.099350	0.150000	96.529833
4.099650	0.150000	96.563667
4.100250	0.150000	96.597500
4.099650	0.150000	96.631333
4.100840	0.150000	96.665167
4.099350	0.160000	96.698833
4.099950	0.150000	96.732500
4.099650	0.150000	96.766333
4.100540	0.150000	96.800333
4.098760	0.160000	96.834000
4.100250	0.140000	96.867833
4.101140	0.150000	96.901500
4.100250	0.150000	96.935333
4.099650	0.150000	96.969000
4.100250	0.150000	97.002667
4.099350	0.150000	97.036500
4.099060	0.150000	97.070167
4.101140	0.140000	97.104000
4.100840	0.140000	97.137833
4.099350	0.150000	97.171500
4.100540	0.150000	97.205333
4.100250	0.140000	97.239000
4.099950	0.150000	97.272833
4.099950	0.150000	97.306500
4.100250	0.150000	97.340333
4.099650	0.150000	97.373833
4.097870	0.160000	97.407667
4.099650	0.150000	97.441333
4.099350	0.150000	97.475000
4.100250	0.150000	97.508833
4.101140	0.140000	97.542667
4.099950	0.140000	97.576500
4.100840	0.140000	97.610167
4.100540	0.140000	97.643833
4.098170	0.150000	97.677667
4.100540	0.150000	97.711500
4.097870	0.150000	97.745167
4.100250	0.140000	97.778833
4.099350	0.150000	97.812500
4.099950	0.140000	97.846333
4.099950	0.150000	97.880167
4.098760	0.150000	97.914000
4.099950	0.150000	97.947833
4.100540	0.150000	97.981667
4.100540	0.140000	98.015500
4.100250	0.150000	98.049167
4.100540	0.150000	98.082833
4.099650	0.150000	98.116667
4.099060	0.160000	98.150333
4.099350	0.140000	98.184000
4.099950	0.150000	98.217667
4.099650	0.150000	98.251500
4.099950	0.140000	98.285333
4.099950	0.140000	98.319000
4.100540	0.140000	98.352833
4.100840	0.140000	98.386667
4.100840	0.140000	98.420333
4.100250	0.140000	98.454000
4.098760	0.150000	98.487667
4.099950	0.140000	98.521500
4.100250	0.140000	98.555333
4.099350	0.150000	98.589000
4.099950	0.140000	98.622833
4.098760	0.140000	98.656500
4.099650	0.150000	98.690167
4.101140	0.140000	98.724000
4.099950	0.140000	98.757667
4.098760	0.140000	98.791500
4.100250	0.140000	98.825167
4.100540	0.140000	98.859167
4.100540	0.140000	98.892833
4.101140	0.140000	98.926667
4.099650	0.140000	98.960333
4.102030	0.140000	98.994167
4.101140	0.140000	99.028000
4.100250	0.140000	99.061667
4.101140	0.140000	99.095500
4.100250	0.140000	99.129333
4.100250	0.140000	99.163167
4.100540	0.150000	99.196833
4.100540	0.150000	99.230667
4.099950	0.140000	99.264333
4.101140	0.140000	99.298000
4.101440	0.130000	99.331833
4.099060	0.140000	99.365833
4.099950	0.140000	99.399500
4.101140	0.140000	99.433000
4.100540	0.140000	99.466833
4.101140	0.140000	99.500667
4.099060	0.140000	99.534500
4.098170	0.150000	99.568333
4.098170	0.150000	99.602167
4.100540	0.130000	99.635833
4.097870	0.150000	99.669667
4.101730	0.130000	99.703500
4.100840	0.140000	99.737000
4.100840	0.130000	99.771000
4.100250	0.140000	99.804833
4.101440	0.140000	99.838667
4.099650	0.140000	99.872333
4.101440	0.140000	99.906167
4.099950	0.140000	99.939833
4.100250	0.140000	99.973500
4.101440	0.130000	100.007333
4.099060	0.140000	100.041000
4.101140	0.130000	100.074667
4.101140	0.140000	100.108333
4.100540	0.140000	100.142333
4.100250	0.140000	100.176000
4.101440	0.130000	100.209667
4.100540	0.140000	100.243333
4.100540	0.140000	100.277167
4.100840	0.140000	100.310833
4.100840	0.140000	100.344667
4.099350	0.140000	100.378500
4.101440	0.130000	100.412167
4.100250	0.140000	100.446167
4.100540	0.140000	100.479833
4.101440	0.130000	100.513667
4.102030	0.130000	100.547500
4.100840	0.140000	100.581333
4.099950	0.140000	100.615167
4.099650	0.130000	100.648833
4.099350	0.140000	100.682333
4.099950	0.140000	100.716167
4.100250	0.130000	100.749833
4.101730	0.130000	100.783667
4.101730	0.130000	100.817500
4.099950	0.140000	100.851167
4.102330	0.130000	100.884833
4.099060	0.140000	100.918667
4.100250	0.140000	100.952167
4.099650	0.140000	100.986000
4.098170	0.140000	101.019667
4.099650	0.140000	101.053333
4.099350	0.140000	101.087000
4.101440	0.130000	101.120833
4.099950	0.130000	101.154833
4.102330	0.130000	101.188500
4.100250	0.140000	101.222333
4.099060	0.140000	101.256167
4.099950	0.130000	101.290000
4.099950	0.140000	101.323667
4.099650	0.140000	101.357500
4.103220	0.120000	101.391167
4.099060	0.140000	101.425000
4.100250	0.130000	101.458667
4.099950	0.140000	101.492333
4.099950	0.130000	101.526167
4.099950	0.140000	101.560000
4.100540	0.130000	101.593833
4.099060	0.140000	101.627500
4.099350	0.140000	101.661333
4.098460	0.140000	101.695000
4.100840	0.130000	101.728833
4.099650	0.130000	101.762500
4.100250	0.140000	101.796333
4.099060	0.140000	101.830167
4.099060	0.140000	101.864000
4.099650	0.130000	101.897833
4.101140	0.130000	101.931667
4.099650	0.140000	101.965333
4.099950	0.140000	101.999333
4.099350	0.130000	102.033000
4.099950	0.130000	102.066667
4.100250	0.130000	102.100500
4.099060	0.140000	102.134500
4.099650	0.140000	102.168167
4.100250	0.120000	102.201833
4.099950	0.140000	102.235500
4.100840	0.130000	102.269333
4.100250	0.140000	102.303000
4.099350	0.130000	102.336667
4.099060	0.140000	102.370500
4.099350	0.140000	102.404167
4.099650	0.130000	102.437833
4.099950	0.130000	102.471667
4.099950	0.130000	102.505333
4.099350	0.140000	102.539000
4.099350	0.140000	102.572667
4.099350	0.140000	102.606500
4.099650	0.140000	102.640167
4.101140	0.120000	102.673833
4.100250	0.140000	102.707667
4.099950	0.130000	102.741500
4.099950	0.130000	102.775333
4.099650	0.130000	102.809167
4.100250	0.130000	102.842833
4.099950	0.140000	102.876667
4.100250	0.130000	102.910500
4.100250	0.120000	102.944167
4.100250	0.130000	102.977833
4.100250	0.130000	103.011667
4.100840	0.130000	103.045333
4.100250	0.130000	103.079167
4.100540	0.130000	103.112833
4.100250	0.130000	103.146667
4.100250	0.130000	103.180333
4.099350	0.130000	103.214000
4.099950	0.130000	103.247833
4.099650	0.130000	103.281500
4.099950	0.130000	103.315333
4.099650	0.130000	103.349000
4.100840	0.130000	103.382667
4.100540	0.130000	103.416667
4.100250	0.130000	103.450333
4.101140	0.130000	103.484167
4.101440	0.120000	103.517833
4.099350	0.120000	103.551667
4.100250	0.130000	103.585500
4.100540	0.130000	103.619333
4.099650	0.120000	103.653000
4.100540	0.130000	103.686667
4.099350	0.120000	103.720500
4.099650	0.140000	103.754167
4.099650	0.130000	103.787833
4.098760	0.130000	103.821667
4.100250	0.130000	103.855167
4.099350	0.130000	103.888833
4.101140	0.120000	103.922667
4.100840	0.130000	103.956333
4.100840	0.120000	103.990167
4.099350	0.130000	104.024000
4.099350	0.130000	104.057833
4.099650	0.130000	104.091500
4.100540	0.120000	104.125333
4.099350	0.120000	104.159000
4.101440	0.120000	104.193000
4.100250	0.120000	104.226667
4.097570	0.130000	104.260500
4.100540	0.120000	104.294000
4.100840	0.120000	104.327833
4.100540	0.130000	104.361500
4.099350	0.140000	104.395167
4.099950	0.120000	104.429000
4.099650	0.130000	104.462667
4.096980	0.130000	104.496500
4.098760	0.130000	104.530167
4.098460	0.130000	104.564000
4.099060	0.130000	104.597667
4.101140	0.120000	104.631500
4.100840	0.120000	104.665000
4.101140	0.120000	104.699000
4.099650	0.130000	104.732667
4.099350	0.130000	104.766667
4.099060	0.130000	104.800333
4.098460	0.130000	104.834167
4.099650	0.130000	104.867833
4.100250	0.120000	104.901500
4.099650	0.130000	104.935167
4.099350	0.120000	104.968833
4.099650	0.120000	105.002667
4.101140	0.120000	105.036500
4.100250	0.130000	105.070167
4.100250	0.120000	105.103833
4.101140	0.120000	105.137667
4.101140	0.120000	105.171500
4.101440	0.120000	105.205333
4.100250	0.120000	105.239000
4.101730	0.110000	105.272833
4.099950	0.120000	105.306667
4.099650	0.120000	105.340333
4.099060	0.130000	105.374167
4.098760	0.130000	105.407833
4.099060	0.130000	105.441667
4.101440	0.120000	105.475333
4.100250	0.120000	105.509000
4.098460	0.130000	105.542667
4.100540	0.120000	105.576500
4.099350	0.120000	105.610333
4.099350	0.130000	105.644167
4.099950	0.130000	105.678000
4.100250	0.120000	105.711500
4.100540	0.120000	105.745500
4.099350	0.120000	105.779167
4.099060	0.120000	105.813000
4.099060	0.130000	105.846667
4.099950	0.120000	105.880333
4.099350	0.130000	105.914167
4.099950	0.130000	105.948000
4.100250	0.120000	105.981833
4.100540	0.120000	106.015667
4.101140	0.120000	106.049500
4.100540	0.110000	106.083333
4.101140	0.120000	106.117167
4.098170	0.130000	106.150833
4.099950	0.120000	106.184500
4.100540	0.120000	106.218333
4.100540	0.120000	106.252167
4.099350	0.130000	106.286000
4.099350	0.130000	106.319667
4.100840	0.110000	106.353500
4.099950	0.120000	106.387167
4.099650	0.130000	106.420833
4.101440	0.120000	106.454667
4.099950	0.120000	106.488333
4.099650	0.120000	106.521833
4.099950	0.120000	106.555500
4.099950	0.120000	106.589333
4.100250	0.120000	106.623000
4.100840	0.120000	106.656667
4.099650	0.120000	106.690500
4.100540	0.120000	106.724167
4.100540	0.120000	106.758000
4.100840	0.120000	106.791667
4.099650	0.120000	106.825333
4.099950	0.120000	106.859000
4.100540	0.120000	106.892667
4.099950	0.120000	106.926500
4.099650	0.120000	106.960333
4.099950	0.120000	106.994167
4.099650	0.120000	107.027667
4.099650	0.120000	107.061500
4.099350	0.130000	107.095333
4.101140	0.110000	107.129000
4.099650	0.120000	107.162833
4.099350	0.120000	107.196500
4.100540	0.110000	107.230333
4.100540	0.120000	107.264000
4.101440	0.110000	107.297833
4.099060	0.120000	107.331667
4.101140	0.120000	107.365333
4.100840	0.110000	107.399167
4.099060	0.120000	107.433000
4.099650	0.120000	107.466833
4.099950	0.120000	107.500667
4.101440	0.120000	107.534500
4.099350	0.120000	107.568167
4.100250	0.120000	107.602000
4.099350	0.120000	107.635833
4.099650	0.120000	107.669667
4.099350	0.120000	107.703500
4.100250	0.120000	107.737333
4.098170	0.130000	107.771167
4.101440	0.110000	107.804833
4.101140	0.110000	107.838833
4.099350	0.120000	107.872500
4.100250	0.110000	107.906167
4.100250	0.120000	107.940000
4.099060	0.120000	107.973667
4.100840	0.110000	108.007333
4.100540	0.110000	108.041000
4.100540	0.110000	108.074833
4.100840	0.110000	108.108667
4.099350	0.120000	108.142500
4.100250	0.110000	108.176167
4.100250	0.110000	108.210000
4.099950	0.120000	108.243833
4.101440	0.110000	108.277500
4.099350	0.110000	108.311333
4.099650	0.120000	108.345000
4.100250	0.120000	108.379000
4.099950	0.120000	108.412833
4.098460	0.120000	108.446667
4.099650	0.120000	108.480333
4.100250	0.120000	108.514167
4.099060	0.120000	108.548000
4.099650	0.120000	108.581667
4.099060	0.120000	108.615500
4.099650	0.120000	108.649333
4.100540	0.110000	108.683000
4.098760	0.130000	108.716667
4.099350	0.120000	108.750500
4.099650	0.110000	108.784333
4.099650	0.120000	108.818000
4.100250	0.120000	108.851667
4.099350	0.120000	108.885500
4.100250	0.120000	108.919333
4.099950	0.120000	108.953167
4.101440	0.110000	108.987000
4.099950	0.120000	109.020833
4.100250	0.110000	109.054500
4.098760	0.110000	109.088333
4.101730	0.100000	109.122167
4.099060	0.120000	109.155833
4.100250	0.110000	109.189833
4.100250	0.110000	109.223500
4.099950	0.120000	109.257167
4.100540	0.110000	109.291000
4.099950	0.110000	109.324667
4.099350	0.120000	109.358333
4.100840	0.110000	109.392167
4.100250	0.110000	109.426000
4.098460	0.120000	109.459833
4.099060	0.110000	109.493667
4.101140	0.110000	109.527500
4.099350	0.110000	109.561333
4.101140	0.110000	109.595000
4.101440	0.110000	109.628833
4.100250	0.110000	109.662667
4.099950	0.110000	109.696333
4.098760	0.120000	109.730167
4.100540	0.110000	109.763833
4.099650	0.120000	109.797500
4.100840	0.110000	109.831333
4.099950	0.110000	109.865167
4.099060	0.120000	109.898833
4.100540	0.110000	109.932667
4.099350	0.120000	109.966333
4.099950	0.110000	110.000167
4.097570	0.110000	110.033833
4.099350	0.120000	110.067500
4.099950	0.110000	110.101167
4.100250	0.120000	110.135000
4.099350	0.110000	110.168833
4.099650	0.120000	110.202500
4.099950	0.120000	110.236500
4.100840	0.110000	110.270333
4.100250	0.110000	110.304000
4.100250	0.110000	110.338000
4.099350	0.110000	110.371833
4.099950	0.110000	110.405667
4.100250	0.110000	110.439333
4.099350	0.120000	110.473000
4.100540	0.110000	110.506667
4.099060	0.110000	110.540333
4.099350	0.120000	110.574333
4.099650	0.110000	110.608000
4.098460	0.120000	110.641833
4.100540	0.110000	110.675667
4.100540	0.110000	110.709500
4.099060	0.110000	110.743333
4.101140	0.110000	110.777000
4.100250	0.100000	110.810833
4.099950	0.110000	110.844667
